,comment,episode_num,sympathy_count,title
106000,유병재 : 경력자만 뽑으면 경력은 어디서 쌓냐 개xx들아,1,52737,열정호구 
79925,"어머니 죄송한데 읽다가 분노했습니다. 
어머니의 젊은 시절은 어떠셨는지요, 그 시대도 노동의 가치를 지금처럼 취급하던 때였나요.
어머니 세대와 현 자식세대는 다르다는걸 왜 모르실까요. 답답합니다 정말.",13,39579,열정호구 
63915,여주도 초롱이처럼 좀 말해라 고구마 백만개 쳐먹은것처럼 답답하게 굴지말고.. 착한게 아니라 답답해서 더 짱남,19,29563,열정호구 
101424,저럴거면 은지씨 있을때 잘해주던가...,3,28387,열정호구 
92401,현명하십니다,6,28301,열정호구 
68298,네가 없으면 너네팀은 잘돌아가.,18,27702,열정호구 
62333,와ㅋㅋㅋㅋ김초롱 겁나 사이다닼ㅋㅋㅋㅋㅋㅋ좀쌀 개 쪽일듯ㅋㅋㅋㅋㅋㅋㅋㅋㅋ,20,27552,열정호구 
52472,"노예가 노예로 사는 삶에 너무 익숙해지면 놀랍게도

자신의 다리를 묶고 있는 쇠사슬을 서로 자랑하기 시작한다.

어느 쪽의 쇠사슬이 빛나는가, 더 무거운가

- 리로이 존스",27,26367,열정호구 
79968,저건 엄마도 발암인데?,13,25718,열정호구 
87480,아무리그래도ㅠㅠ 딸한테 욕하는건.. 딸도 그럴려고한게 아닐텐데,9,24876,열정호구 
58754,좁쌀이가 저렇게 되어버린 이유를 그리신거겠지만 좁쌀이를 이해할마음은 1도 없습니다,23,24871,열정호구 
19863,동생냔 명치 개때리고 싶다,47,24812,열정호구 
90626,그치;; 거지같고 못해먹겠는데 때려치기엔 어깨에 이미 짊어진게 너무 무거워...,7,24797,열정호구 
106302,작가님 은근 빨리오셨네요ㅋㅋㅋㅋㅋㅋ 첨 보시는 분들을 위해 스포하나 하자면 현실 회사입니다....진짜.....,1,24693,열정호구 
88995,주인공 퇴사하길 바라는 웹툰은 이게 처음이네 ...,8,24671,열정호구 
38330,"우와 좁쌀보다 더 암이 나타났다
여기는 암덩어리가 얼마나 많은거야",40,24636,열정호구 
98475,편집장 = 최순실,4,24579,열정호구 
38321,주인공 지금까지 살아있는게 기적이다.,40,23309,열정호구 
76048,ㅋㅋㅋㅋㅋㅋ조옵쌀 마지막 귀여워보이네 제가 드디어 돌았나봅니다,14,23028,열정호구 
57658,좁쌀이 예전에는 정상이였구나...,24,22699,열정호구 
23689,ㅋㅋㅋㅋ마약은 먹어봐야 나쁜걸 아나욬ㅋㅋㅋㅋㄹㅇ 사이다 ㅋㅋㅋㅋ,46,22579,열정호구 
103032,샌드위치 받는거봐 그나마 일하면서 먹을수있으니깐;;,2,22327,열정호구 
87475,저게 부모님이라고...??,9,22285,열정호구 
32274,가족이 정말 가 족같네,41,21696,열정호구 
68342,....사회생활하시는분들 진짜 저딴 상사가 실존해요?,18,21471,열정호구 
13727,화난다 진짜,49,21456,열정호구 
23671,으 저렇게 여자나이 후려치는사람 극혐..남자는 와인이라면서 별 헛소리 지껄이는데 아재요 정신차리소,46,20670,열정호구 
92397,소연님 제발 같이 나가요 같이 퇴사해요,6,20631,열정호구 
79961,오늘도 호박고구마같은전개 감사합니다.,13,20618,열정호구 
101598,휘~발암,3,20613,열정호구 
60977,조옵쌀보다는 덜하니 참는다,21,20525,열정호구 
81892,이건 출간되서 4~50대 어른들의 필독서로 제정해야한다. 강제로라도 읽게해야 요즘 애들은~ 이딴소리를 안하지,12,20474,열정호구 
79912,그럼 엄마가 다니셔요!!그 좋은회사!!!,13,20057,열정호구 
24660,이 만화에서 최초로 사이다나온듯,45,19915,열정호구 
88789,남자가 드세면 좋은거고 여자가 드세면 시집 못 갈정도로 안 좋은건가?  참ㅋㅋㅋ,8,19845,열정호구 
94649,아오진짜 저 편집장 최순실같은새끼,5,19795,열정호구 
90615,"회사 못나가는이유중 사실 가장 크다고 할수잇는게 가족과
주변사람들 시선이지..",7,19535,열정호구 
83811,아니 못견딘 사람이 왜 잘못한건디 그런 구조를 만들어논 자체가 잘못된거지 그런 시대를 바꿔나가려는 노력 없이 살아가는 젊은이들도 문제고 당연시하는 꼰대들도 문제임. 누구 하나만의 잘못이 아니가,11,19474,열정호구 
101354,은지 작가도 문제인게 편집자가 말하는거 몽땅 다~ 들어주니깐 편집자가 그런게 당연하다고 생각해 저러는거잖아...애초에 은지작가 뽑은거 부터 잘못됬어ㅜ,3,19473,열정호구 
13456,"더이상 못보겠다. 그냥 보고 암걸리라는 만화인가...
사이다좀 주세요 제발",49,19279,열정호구 
103009,그림체 바꾸는데 오래걸려요 여러분...,2,19143,열정호구 
8347,드디어 이 만화에서 참된 인간 하나를 찾은 것 같다... 소연이 친구,50,19128,열정호구 
79893,요즘 젊은애들은 전부 끈기없다는 식의 시선이 너무나도 싫다.,13,18982,열정호구 
87386,"아빠 진짜 싫다
제일 스트레스 받는건 본인일텐데
위로해줘도 모라랄판에 저런 막말을",9,18923,열정호구 
56200,구해준 여자 모른척 하는것봐;; 최소한의 예의가 있다면 고맙다는 말 정도는 할 수 있는게 아닌가..,25,18913,열정호구 
72077,아 정말 다른 사원 얘기 꺼내면서 비교하는거 극혐이다,16,18377,열정호구 
5562,와.. 할머니 진짜... 나이 먹으면 가치 떨어져서 시집 못 간다니.. 남자들은 나이를 먹으면 진국이라고 하고 여자는 30세가 넘으면 여자 안생 끝이라고 하는 멍청한 사상 좀 버렸으면 좋겠다..,52,18254,열정호구 
24564,어우 조옵쌀이 술취해서 여주한테 찝쩍일까봐 걱정했는데 다행이다,45,18045,열정호구 
102906,거짓말을 하니까 코가 길죠,2,17737,열정호구 
69834,욕밖에안나옴 너무현실적이라,17,17528,열정호구 
94432,부장님이 한 말 듣고 의외로 몰라서 버티는 신입분들 많을듯,5,17422,열정호구 
19914,아오;;;저 동생 발암이네;;;; 남자에게 편지 받은거를 엄마한테 꼰질렀어?;;;,47,17333,열정호구 
57650,"성추행이잖아;;;; 저 김곤대라는 사람 ㄹㅇ 답없다;;;
회사같은데서 상사들이 여직원 성추행하면 여직원들은 상사라 욕도 못하겠고 그러자고 신고하자니 보복이 무섭고.... 현실참....",24,17279,열정호구 
84627,입사하려고 그렇게 힘들었는데 퇴사로 행복해진다. 뭔가 이상하다..?,10,17224,열정호구 
50941,소연씨 안돼요 하길래 좁쌀편 들어주는줄 알고 화냈는데 다행이네..,28,17181,열정호구 
73786,아냐....진짜 그거아니야.....도망쳐...,15,16973,열정호구 
52500,진짜 노예들은 자기가 노예이고 얼마나 힘든지 자랑한다고 하던데...이번화 작가님이 냉철하게 꼬집어주셨네요,27,16951,열정호구 
76092,아 OOO 진짜 여주 엄마랑 아빠 써대기 때리고 싶다,14,16910,열정호구 
39329,2차사라진건 나이스긴하네욬ㅋㅋㅋㅋㅋㅋㅋㅋㅋㅋㅋㅋㅋㅋㅋㅋㅋㅋㅋㅋㅋㅋㅋㅋㅋㅋㅋㅋㅋ쉬pearl,39,16783,열정호구 
62253,"이번에 여주가 제대로 사이다 날렸넼ㅋㅋㅋ
저 좁쌀새끼 표정좀 봨ㅋㅋㅋㅋㅋ",20,16730,열정호구 
32246,"아 진짜 이 만화는 끊임없이 사이다도 없는 고구마인데 왜 끊지를 못하니 나레기..,",41,16588,열정호구 
98720,뭐 어쩌라는거얔ㅋㅋㅋㅋ,4,16526,열정호구 
16989,아 가족들 제발;;,48,16523,열정호구 
76150,가족이 내 인생을 살아주는 건 아니지... 그럼그럼,14,16479,열정호구 
82259,진짜 속상하겠다 닭똥같은 눈물 후두둑..,12,16437,열정호구 
72081,ㅋㅋㅋㅋㅋㅋㅋㅋㅋㅋㅋㅋㅋㅋㅋㅋㅋㅋㅋㅋ아 좁쌀이ㅋㅋㅋㅋㅋㅋㅋㅋㅋㅋㅋㅋㅋㅋㅋㅋㅋㅋㅋㅋ논리가 너무 짜증나서 코잡고 엎어치고 싶다..,16,16428,열정호구 
38297,"저집안도 단체로 발암이네요
아 물론 여주는빼고",40,16176,열정호구 
23592,20대 애들이 미쳤다고 니들을 만나주겠다 ㅋㅋ 주제를 알고서 크리스마스 케이크라고 씨부려야지,46,16159,열정호구 
92209,박근혜: 저 내일 퇴진합니다.,6,16007,열정호구 
54341,어우 병진.. 결국 지가 낙하산 탄것땜에 쫓겨난 사람 생각은 하나도 못 하는구나..,26,15983,열정호구 
67660,"심지어 더 놀라운 사실은...


저게 사회에서는 흔한 팩트라는겁니다",18,15972,열정호구 
64026,아 정말 지가 잘못한 건 아는지 다른 사람들 눈치 보면서 에효 현실에 저런 상사가 있다는 사실이 안타까울 뿐입니다,19,15966,열정호구 
60003,"인제서야 이회사가 좀 정상적으로 보이네..
이게 도데체 얼마만에 사이다야ㅋㅋㅋ",22,15908,열정호구 
27634,그래도 좁쌀 친구들은 정상이네ㄷㄷ,42,15809,열정호구 
13714,전형적인 남자가성폭행 한게 잘못이 아니라 어깨내려간 옷입은 여자 잘못마인드다...;;,49,15733,열정호구 
63540,"만약 저기서 좁쌀이 초롱이한테 밀리면 이제 남은 잡무와 스트레스는 모두 여주에게로 가는, 한단계 발전한 고구마를 보게 될 것 같음",19,15602,열정호구 
41004,조옵쌀이랑 왜 엮어요 나라면 술잔 부었을지도,38,15351,열정호구 
91917,솔직히 만화라서 그렇지 저런 상사가 현실에 어디나 있습니다.,6,15261,열정호구 
24539,진짜 그럴리는 없겠지만 설마 작가님이 소연이랑 좁쌀이랑 러브라인 만드시는줄 알고 뭐야뭐야...? 이러면서 봄ㅋㅋㅋㅋㅋㅋㅋㅋㅋㅋㅋㅋㅋㅋㅋㅋ 휴 다행이다ㅜㅠㅠㅠㅜㅜㅜㅜ좁쌀 시러,45,15196,열정호구 
23549,크리스마스 드립 진짜 누가 만든건지.. 못생긴 여자 강간하는법 개그만큼 충격적이고 수준낮음.. 미개하고 미개함,46,15156,열정호구 
19862,",답이없다....ㅇ여주 정신이 멀쩡한게 신기하다",47,15099,열정호구 
16990,진심 엇나가지않은게 용하다ㄷㄷ,48,15075,열정호구 
8356,진실을말해야  친구가 호9짓 안하죠 엉엉 ㅠㅠㅠㅠㅠ,50,14911,열정호구 
76027,그럼 부모님 자식을 그렇게 때리면 부모님 입니까?,14,14867,열정호구 
93931,"여러분들 나 같으면 뭐라한다ㅡㅡ 나 같으면 때려친다ㅡㅡ 이러는데 이게 말로만 쉽지 막상 실제로 겪어보면 그게 참 힘들어요.. 집에서는 일하라고 눈치주는데 막상 일할 때는 없고 겨우겨우 취직해서 주위사람들한테 취직했다고 말하고 다니는데 얼마 안가서 그만두면 곤란하고, 재취업 하는 것도 어마어마하게 힘들고 가족들 눈치도 보이고.. 게다가 이 만화 주인공은 신입이라서; 그냥 내가 좀 참고말지 이런 생각일 거예요 대부분이... 상사한테 감히 대드는 신입은 없어요.. 여러분 이게 현실입니다 ㅜㅠ",5,14839,열정호구 
79909,엄마도 ㄹㅇ 노답.... 왜 부모들이 스물넘은 성인들을 논리도 없이 구속하려드는지....,13,14821,열정호구 
54476,찍먹 손들어👋👋👋👋,26,14708,열정호구 
38332,가족들 인성 왜 저따구지,40,14663,열정호구 
98497,휘발암발암~,4,14648,열정호구 
82217,부탁인데 그냥 나와,12,14574,열정호구 
90600,저런 부모님의 기대때문에 버티는 사람도 많죠.. 좋은건지 나쁜건지..,7,14530,열정호구 
8337,저건 얘기를 해줘야지 .... 고마운 친구 돈이 10만원씩이나 날아가는 거잖아 ㅠㅠ,50,14465,열정호구 
61075,다같이 정규직 안시켜줄듯,21,14450,열정호구 
13294,야한옷입었다곸ㅋㅋㅋ성폭행 당하면 그렇게 옷입은 여자잘못이라고들 하는 사람들...심지어 남성의 심리적 욕구라고들 하는데..그럼 길가다가 빵집에 빵굽는냄새랑 빵 ㅈㄴ맛있어보이면 들어가서 계산도 안 하고 먹는거랑 뭐가다르냐; 식욕은 욕구 아니냐;,49,14344,열정호구 
98369,휘발암 드립 지겨운데 진짜 여기서는 그거 밖에 안 떠오른다ㅋㅋㅋㅋ,4,14279,열정호구 
68283,코 부수고 싶다,18,14114,열정호구 
106075,남일 같지 않다.. 7개 자소서? 난 오늘 하루동앙 7개의 회사에 이력서 쓰고 왔는데 저정도 쯤이야.. 30개를써도 50개를 써도 안되는게 현실인데 너무 와닿는다 ,1,14105,열정호구 
84636,"ㅋㅋㅋ 얼마나 힘들면  퇴사를 축하한데 ㅋㅋㅋㅋ  
 악마의  구렁텅이 ㅋㅋㅋㅋ ㅋㅋ",10,13999,열정호구 
62245,중간에 수정 불가능 하다고 했을때 고소했다,20,13901,열정호구 
19867,동생도 그냥 답이없군요.. 그런말씀을 드리기 죄송하지만 정말 쓰ㄹㄱ 가족이네요,47,13844,열정호구 
88990,하 저 조옵쌀같은 새끼 우리 회사에도 있는데...지난번에 퇴사한 동기가 야근가지고 뭐라 하니까 뒷담 오질라게 까고...방XX님 제발 그따구로 꼰대짓 좀 하지 마세요;;맘에 안들면 지가 말하던가,8,13829,열정호구 
87125,아버지한테 맞아서 눈탱이밤탱이됬네요 근데 그냥 없는셈치고 살아요 돈이 있어야 나가죠 벌 상황도 아니구요 가족들이 버는 족족 아버지가 망쳐놓은 빚더미 갚느라 다 빠져나가고보면 솔직히 생활비 정말 빠듯합니다 저는 아버지 사업실패한 건 이해해요 사람이 설마 잘안되려고 했겠어요? 더 잘먹고살려고 했겠지 근데 가족들로 보증서서 가족 전체 신용불량된것은 기본이고 외가쪽 까지 망쳐놓고 뻔뻔하고 욕까지하는 태도가 사람취급하기 싫네요 대한민국 미래 부모님 그리고 현재 부모님들 잘잘못은 인정하고 제발 화목하기만이라도 했으면 좋겠습니다 아무리 자신보다 나이가 어리건 아랫사람이건 윗사람이던 말 조심 행동조심 해야한다고 생각하네요,9,13815,열정호구 
50917,ㅋㅋㅋㅋㅋㅋㅋ힘이너무약하대 ㅋㅋㅋㅋㅋㅋㅋㅋㅋㅋㅋㅋㅋㅋㅋㅋㅋㅋㅋㅋㅋㅋㅋㅋㅋㅋㅋㅋㅋㅋㅋㅋㅋㅋㅋㅋㅋㅋㅋㅋㅋㅋㅋㅋㅋㅋㅋㅋㅋㅋㅋ,28,13717,열정호구 
101625,실제로 회사가 저렇습니다 여러분..,3,13607,열정호구 
83798,취준생으로서 엄마의 '믿는다' 이 한마디가.. 부담이 될 수 있는게 슬프네요 ㅠㅠㅠ,11,13381,열정호구 
43079,그럼 너가 그려 팍씨,36,13371,열정호구 
58785,조옵쌀이 전부 다 저 아재한테 배운거였군.......... 나쁜거나 가르치다니............ 저게 사람이냐?? 인간도 저렇게 나쁜짓은 안 한다........... 저정도면 거의 머리 빈 동물수준...................,23,13299,열정호구 
106737,오오오 내리다보니 갑자기 떴다 손,1,13177,열정호구 
81852,"퇴사하면 부모님말씀은정해져있다.
아휴 넌 그거하나못버티냐 다른회사가도 다똑같어
빼박 ㄹㅇ펙트 순수실화일거임",12,13165,열정호구 
49743,조옵쌀 저 새끼는 왜 사냐 진짜;;,29,13137,열정호구 
56177,아무리 옵쌀이가 옛날에 저런일이 있었어도 지금 와서 다른 부하직원들 함부로 대하는건 아니죠 다를게 뭐가 있어요,25,13000,열정호구 
87035,아빠도 널 생각해서 그러는거라고?ㅋㅋㅋㅋㅋ 건설적 비판도 아니고 상대를 저렇게 깎아내리는 언행을하면서 무슨 아버지라고 짜증난다,9,12993,열정호구 
32244,작가님...지금까지 고구마 많이 먹었는데...ㅠㅠ 이제 사이다 좀 주시면 안될까요? ㅠㅠ,41,12932,열정호구 
1732,답답해 하지만 이해해,55,12908,열정호구 
60009,"진짜 끼리끼리들한다
저런회사가 실제로도 존재한다는게 한숨
작가님 너무 심하게 현실성 반영했음ㅋㅋ",22,12811,열정호구 
69906,이거 인정...추가수당 안 주고 부려먹을 거면 대행업체 부르시던가;,17,12717,열정호구 
90502,"부모님이 기대되서 고기를 준비하는건 나쁜게 아니지만 적어도 딸과 대화할 질문을 던져주세요 "" 오늘 회사어땠어, 힘든건없고? "" 한마디 물어보는데 오래 걸리지 않잖아요",7,12669,열정호구 
76028,왜 좁쌀이 데헷 하는데 귀여워보이지...?엄마가  너무 발암이었나?,14,12620,열정호구 
79515,"우리는 단군 이래 가장 많이 공부하고, 제일 똑똑하고, 외국어에도 능통하고, 첨단 전자제품도 레고 블록 만지듯 다루는 세대야. 안 그래? 거의 모두 대학을 나왔고 토익 점수는 세계최고 수준이고 자막없이도 헐리우드 액션 영화 정도는 볼 수 있고 타이핑도 분당 300타는 우습고 평균 신장도 크지. 악기 하나쯤은 다룰 줄 알고, 맞아, 너도 피아노 치지 않아? 독서량도 우리 윗세대에 비하면 엄청나게 많아. 우리 부모세대는 그 중에서 단 하나만 잘해도, 아니, 비슷하게 하기만 해도 평생을 먹고 살 수 있었어. 그런데 왜 지금 우리는 다 놀고 있는거야? 왜 모두 실업자인거야? 도대체 우리가 뭘 잘못한 거지?
- 김영하의 [퀴즈쇼] 중.",13,12562,열정호구 
50730,천연기념물이라하는거 기분드으럽다 ㅡ.ㅡ ,28,12539,열정호구 
58796,응 안불쌍해. 똑같은 놈들이야.,23,12440,열정호구 
40942,뭔 파워레인저냐 맨날 단합함,38,12323,열정호구 
98500,그럼 니가 그려,4,12323,열정호구 
73776,조오오옵쌀놈이 또한사람의 인생을 망치겟군요,15,12270,열정호구 
79809,"진짜 저희 엄마도 한달 전 웹툰에 나온 대사처럼 똑같이 말하셨네요..
베도 때 부터 봐왔지만 정말 언제 봐도 공감이에요ㅠㅠㅠ..
이쯤되면 정상적인걸 바라는 제가 이상한건지 아님 회사가 정상인지
잘 모르겠네요..",13,12231,열정호구 
43886,동생 등록금을 생망이가 왜 대주냐?,35,12127,열정호구 
69609,"조옵쌀 이사람만 이래정신나간거아니예요..
나중에사회나가보면 저런사람들수없이넘쳐나고.
내가당할수있는건데 거기서 저렇게참아야된다는게 힘들지만
돈벌어먹고살려면 저렇게라도 욕들어먹으면서 일을해야합니다..
이웹툰현실로받아드려야합니다..하하",17,12123,열정호구 
72050,그럼 은지랑 사겨...,16,12117,열정호구 
41681,오지마죽엌ㅋㅋㅋㅋㅋㅋㅋㅋㅋ함정이었엌ㅋㅋㅋㅋㅋㅋ,37,11966,열정호구 
57713,아무리 그래도 조옵쌀은 너무 싫어요 작가님,24,11812,열정호구 
101105,은지씨가 왜나갔을거같냐 이자식아!!!!!!!!!!!!!!!!!!!!!!!!!!,3,11766,열정호구 
102977,편집장 왤케 코가기냐?ㅋㅋ,2,11762,열정호구 
57619,이랬던 니가,24,11669,열정호구 
44937,생망이 이름 이번생은 망했어 줄임말이듯,34,11635,열정호구 
23529,"조옵쌀과 같은 생각을 하시는 분들을 위해서!
여러분 남자는 와인에 빗대더군요? 나이가 들수록 그 맛이 깊어진다고ㅎㅎ
한국인은 막걸리입니다 닥치고 주제파악하세요",46,11606,열정호구 
45659,생망씨 마지막 좀 쎄한데 ..?,33,11575,열정호구 
16975,저집에서 왜사냐.......................,48,11503,열정호구 
5583,암걸리지만 자꾸 보게되는 웹툰,52,11469,열정호구 
3390,"저 내일 첫출근입니다......
힘을주세요ㅠㅠ",53,11451,열정호구 
3342,진상컴퍼니 팔아도 소리의 마음 작가는 못데려와..,53,11433,열정호구 
27623,ㅋㅋㄱㅋㄱㅋㄱ에휴ㅋㅋ저렇게 구슬리면 집도 사줄 기세네,42,11413,열정호구 
82051,때려쳐 그냥. 사람답게 살려고 돈버는데 사람다운 취급 못받으면서 일하는건 아니야.,12,11304,열정호구 
17023,아나 저 엄마랑 아빠 둘다 개발암이네;전화를 왜하는건지 참..;;;;동생년 옆에서 떠드는거 ㄹㅇ 패버리고싶다 박소연인가 저 여주가 진짜 천사다,48,11232,열정호구 
2562,으휴 편집장이 또 하나의 새싹을 ... ㅠ,54,11215,열정호구 
48333,"생:생색내다
망:망한다

연봉협상 씨알도 안먹힐듯",30,11180,열정호구 
73494,고연령자로서 열받네,15,11158,열정호구 
42675,저 인터뷰 그대로나왔으면 좋겠다 ㅠ,36,11146,열정호구 
40861,아직도 우리나라 회식 문화는 강요 분위기.... 대박눈치보임 하지만  눈치보는 티도 내면안됨. 눈치본다고 머라함. ,38,11127,열정호구 
32258,와진짜 이거 고구마 1000000000개먹은건데 말이 심할수도 있지만 엄마아빠 진짜심하다 물론 동생도 진짜심하다 거의 가정폭력아님?,41,11122,열정호구 
46659,조옵쌀이는 그냥 밥통에서 쌀이나 될것이지,32,11087,열정호구 
19842,"동생새끼.. 하.. 할말이 없다. 솔직히 남매,자매,형제들끼리 비켜줄 비밀은 지켜주면서 사는 거 아님? 그리고 엄마는 왜 화가 난건지?;; 솔직히 동생만 ㅈㄴ 이뻐하고 소연이 이뻐하지도 않잖아? 그럼 고백을 받던 말던 지가 뭔상관인지.. 걍 내딸이니까 무조건 내말 들어야만 해 같은 정복감인가? 진짜 ㄹㅇ 싫다..",47,11053,열정호구 
38302,이런말하면 안돼겠지만 어머니발암이네;,40,11040,열정호구 
43720,"공부 안하면 저 아저씨처럼 된다?
공사장이 무슨 신청만 하면 할수 잇는 일인줄 아나?",35,10930,열정호구 
47561,작가님 저는 조옵쌀 좆되는건 보고죽어야겠습니다.,31,10928,열정호구 
48228,"저건 착한게 아니라 호구입니다. 
스스로의 가치를 깍아내려서 다른이들의 가치도 폄하하게만드는 행위죠",30,10924,열정호구 
5441,여자가 25살에 아이를 낳아야 최고라는 것도 거짓이었습니다. 사실은 34살에 낳는게 가장 좋다하며 여자의 나이보다는 남자의 나이가 더 아이에게 영향을 많이 끼치는데 정자가 나이들수록 안좋다고 하네요.,52,10898,열정호구 
52466,우린 이미 칼퇴가 당연한게아니라 축복으로 알고있어요.,27,10868,열정호구 
6817,진짜 비정규직 차별 너무 심하다...,51,10841,열정호구 
63929,소연아 너도 가서 소리질러,19,10813,열정호구 
88986,거짓말같죠? ㄹㅇ이에요 ^^,8,10713,열정호구 
43697,걍 불쌍하다고만하네...  주인공은 알지도 못하는 근로계약서 바로찝어낸거보면 모르나ㅋㅋ 자신이 호구짓하고있는걸 매우 잘 알고있지만 그걸 인정하는순간 저 회사에서 버틸수없게되고 당장 동생 학비며 기타등등 들어갈비용들때문에 버텨야만 하니 자기 합리화하고 있는거임,35,10707,열정호구 
56210,와 저 여자도 쫌 별로다... 그래도 자기위해서 저렇게 행동한건데 너무함,25,10430,열정호구 
106069,"나도 7번 떨어지고 회사 합격했었는데..
합격통보 들었을 당시에는 모든게 잘될거같고
다 해낼 수 있을줄 알았는데..
에휴..",1,10403,열정호구 
55987,저 여자가 잘못한 건 맞지만 어째 저런 상황을 만든 편집장은 덜 욕먹고 그 여자만 욕먹는 것 같네;; 어찌보면 그 여자도 피해잔데 조옵쌀 편들어주면 편집장이 자기한테도 똑같이 굴 거 알아서 그러는 걸텐데 왜 편집장이 오히려 욕을 덜먹지?;;,25,10371,열정호구 
79706,참나...지나가던 백수조차도 대기업 생산직으로 들어갈 정도로 취업률 90퍼 넘으면서 꿀빨거 다 빨은 486 586 세대가 저따위로 말하니까 개웃기네. 지들이 지금 세대처럼 살면 며칠 안에 목매달아 죽을놈들이 요즘 애들이 어쩌고 저쩌고..젊은 사람들한테 일자리 주려면 지들이 밥그릇을 조금이라도 양보해야하는데 한톨 만큼도 양보 안하고 민주노총 같은 곳 산하로 들어가서 지들만 생각하는 이기적인 것들이 저따위로 말을 하냐. 저딴 것들이 부모면 연 끊고 산다.,13,10267,열정호구 
62332,"사이다 뾱!
치이이이이
꽐꿜껳낄꿜꿜
음음음음
키~하",20,10190,열정호구 
26487,진짜 직원들좀 챙겨줘라..,43,10158,열정호구 
101629,아 그럼 데려오던ㄱㅏ..,3,10140,열정호구 
84692,"저런 상사 만나면 진심 죽고싶을 정도로
힘들거 같다...💦💦",10,9974,열정호구 
83860,우리학교 수학쌤보다더싫어,11,9930,열정호구 
58804,개구리 올챙이적 생각 못한다더니,23,9890,열정호구 
44813,남편이 공사 현장에서 죽었는데 아들 막노동 뛸때 엄마는 마음이 얼마나 아팠을까,34,9839,열정호구 
68226,너가 없으면 우리팀은 더 잘돌아가,18,9811,열정호구 
88940,니들같은놈들은 한트럭가져다주면 니네버리고 트럭가질거임 으 존나별로,8,9764,열정호구 
87404,부모라고 자식에게 함부로 말해도 되는건 아닙니다.....,9,9746,열정호구 
38308,이거보고 암세포가 암이걸려 암이 나았습니다.,40,9652,열정호구 
13051,와 ㅋㅋㅋ 작가님 ㅋㅋ 사회가 여성에게 요구하는 모순을잘 꼬집으셨네요 ㅋㅋ 그러니까요 연애를 평생 못 해봤는데 사랑을 어떻게 하며 자기에게 맞는 사람인지 아닌지 안목을 어떻게 가지겠어요 ㅋㅋ 그런데 결혼은 때에 맞춰서-_-?? 부모욕심이....,49,9608,열정호구 
37627,아니근뎈ㅋㅋㅋ학교과제면 자기가 그려가야되는거 아닌가 유아교육과가 미대도 아니고 그림실력이 뭐가 그리 중요하다고 자기가 자기 역량 내에서 최선다해서 그리면 되는거지 저건 뭐; 보는 내내 답답; 아 그리고 누군 게임 안하고 싶어서 안하낰ㅋㅋㅋ프로그램이 더 중요하니까 참고 안까는 작업용 컴퓨터고 자기 돈으로 산건데 진짜 뇌에 우동사리꼈나; 내 동생이 내꺼 건들여서 포트폴리오 날아갔으면 컴퓨터 들고 집 나갈꺼;;;,40,9583,열정호구 
92504,니가 가면 쟤는 죽어,6,9565,열정호구 
68119,니가 없어야 돌아가 이새끼야,18,9492,열정호구 
102868,아니 악녀가 없으면 보지마세요; 대신 암좁쌀이 있는데 뭔 악녀 타령이야 다른웹툰에서 댓글로 타웹툰 홍보 작작하세요;,2,9422,열정호구 
98279,"발암이유
1.은지씨는 은지씨가있을땐..(속마음:은지가 그리좋으면 가!!)
2.면접때 말이 거짓말
3.이거 지워요! /그후:아 허전하내여 다시 그리셈(아오 짜증나!!)
4.이래라저레라 해놓고 나중엔 상상력따짐
5.지가 잘못해놓고선 다른사람 탓하며 화냄
(그래서 독자분들도 인물들도 좁쌀때문에 휘~발암 어 휘 발암발암발암 휘~ 발아발아 발아 밤)",4,9385,열정호구 
60024,"차장희차장 자기도 똑같이 당해봐야함ㅇㅇ
진상상사가 하나로도 모자라서 둘이나 된다니 ㅠㅠㅠㅠ",22,9350,열정호구 
57657,조옵쌀 이렇게 눈아 맑은데 왜 저렇게됫냐..?,24,9348,열정호구 
83794,아 씨 에베베할때 한대 때려주고 싶다,11,9311,열정호구 
40688,"저랑 비슷하네요. 신혼때 저도 집에 가서 제 와이프 아파서 간호해줘야 하는데 회식....

사정 말하니까 세상에 사연없는 사람 없다는 상사...

1차 끝나고 가려니까 눈치없다고 욕하는 직원.....

그래서 다시 앉으니까 나때문에 분위기 깨졌으니 그냥 가라고 사회생활 못한다고 말하는 상사....

이 화사 다니는거 진지하게 다시 생각해보라는 과장....",38,9227,열정호구 
804,제발여자 몸무게 후려까기 그만좀 니들 몸부터 생각하고... 애초에 그걸 왜물어봐 도랐나,56,9193,열정호구 
72083,저 상황이면 난 울었을거야...☆이런 소리를 들을려고 내가 합격했나...좌괴감이 드네..,16,9171,열정호구 
49645,이 만화는 언제쯤 사이다 한컵 마실날이 올까......,29,9158,열정호구 
27611,쟤 하는거 보면 가끔 불쌍하지만 그래도 자업자득임,42,9147,열정호구 
27371,진짜친구들 잃었네ㅉㅉ등신,42,9052,열정호구 
76096,이 만화 가족들은 진짜 가족도 아니다 애들 맘도 헤아리지도 읺고 뭐냐 진짜;;,14,9030,열정호구 
32251,그놈의 맏이 맏이.. 맏딸은 살림밑천 누가 만들었냐..,41,8967,열정호구 
86763,아이를... 자기 노후를 위해서 투자형식으로 낳은건가? 저렇게 애를 대할꺼면 왜 낳아? 그것도 두명을? 차라리 살아있는 생물에게 자기 노후를 맡길꺼면 애낳지말고 적금이나 보험같은거 들어라. 이래서 이런 세상에서는 사람들이 결혼하고 애낳는게 부질없다고 생각하는거다,9,8864,열정호구 
73500,나 천천히 내리다가 더러운 걸 본 것 같아..,15,8834,열정호구 
26485,리얼 단합 시파 이름만 단합이지 걍 지들끼리 놀잖아ㅡㅡ,43,8833,열정호구 
24644,나같음 더때렸다,45,8791,열정호구 
983,실화라서 더 슬픈...,56,8789,열정호구 
58766,와...본인도 그랬으면서 저런거야? 뭐 저떤인간이다있엌ㅋㅋㅋㅋ,23,8754,열정호구 
72079,조옵밥아 니가 그리든가 은지를 데려오든가,16,8750,열정호구 
102874,이거 진짜 재밌음 ㅋㅋㅋㅋㅋ플러스 발암...은지씨 계속 착하게만 봤는데 지금 다시보니 첫버릇을 잘못들여놓은 장본인인듯....혼자도망치고 좋은이미지로 남다니...,2,8672,열정호구 
2572,작가님 작명센스진짴ㅋㅋㅋㅋㅋㅋㅋㅋㅋㅋㅋㅋㅋㅋㅋ이번생 망함 이생망에서 노예랑ㅋㅋㅋㅋㅋㅋㅋㅋㅋㅋㅋㅋㅋㅋㅋㅋㅋㅋㅋㅋㅋㅋㅋㅋㅋㅋㅋㅋㅋㅋㅋㅋㅋㅋㅋㅋㅋㅋ,54,8642,열정호구 
54345,다시 고구마가 시작되었다..,26,8613,열정호구 
44840,남자가 돈이 없는 것보다도 여자에게 시간을 못내는 거 큰 문제임. 여남을 떠나서 상대방애게 시간적 여유를 낼 수 없으면 연애 안하는게 맞다. 상대방 괴롭히는거임.,34,8529,열정호구 
81917,가 족같은! 분위기,12,8517,열정호구 
106329,화요일에 볼게 하나 늘었다!,1,8499,열정호구 
45705,볼때마다 암걸릴 것 같은데 계속 보게되는 만화ㅋㅋㅋ,33,8457,열정호구 
76058,"저 회사 오피스텔 들어갈 수 있는 조건이 아니라서 다행이다!!!!
6개월 노예될 뻔",14,8439,열정호구 
8334,아 진짜 모든 화가 죄다 극혐이냐,50,8389,열정호구 
19562,아니 동생년 욕하기 전에 애초에 편지보고 왜 화내는거지?? ????? 진짜 보수적이여도 너무 보수적이고 딸 맘 하나 이해해보려 하지 않고 자기들 틀에만 끼워맞추려고 하는,47,8372,열정호구 
25584,조옵쌀이 일할때나 저런 눈빛이면 참 좋으련만..,44,8371,열정호구 
69568,"아 저도 계약직인데요...
진심 정규직보다 돈은 조금주면서
일은 더많이 해야하고
회식자리도 더 열심히 참여해야해요...
전환도 안시켜줄거면서 ㅠ ㅠ 서럽다",17,8366,열정호구 
13709,지가 연예하지 말랬으면서,49,8254,열정호구 
94089,편집장 : 이런건 작가가 알아서 해야하는데 내가 이러려고 편집장 됐나 자괴감 들고 괴로워 ,5,8252,열정호구 
39256,좁쌀 ㄹㅇ 노답이네 매너 어디갔냐;,39,8240,열정호구 
88988,저런 여자도 저런 남자들 안말날텐데 무슨 자신감이지 저건...,8,8216,열정호구 
62274,ㅋㅋㅋ 개 사이다인 편인뎈ㅋㅋ,20,8189,열정호구 
61073,"진상 조옵쌀 진짜 왜 싫어하는지 이해가 간다
나중에 저런 상사있으면 진짜 죽이고 싶을 듯",21,8100,열정호구 
6812,하아 저회사 엎으러가실분 참고로 저 집안도 같이,51,8057,열정호구 
26456,아이고 소연아...이 와중에도 부모님 생활비 보탤 생각을 하다니ㅠㅠ그거 아니야...너를 위해 써 제발..8OOO,43,8038,열정호구 
39343,"요즘 젊은사람들은~~~
이런소리 정말 듣기싫네요",39,8014,열정호구 
1733,아..이게현실이었지,55,8011,열정호구 
43794,자기 선택이 잘못됐다는걸 부정하려다가 저렇게된 것 같은데 안쓰럽다ㅜㅜ,35,8005,열정호구 
68273,그러고보니 임총이랑 좁쌀이랑 닮음,18,7972,열정호구 
105482,그림체는 귀엽지만 보다보면 이만한 호러물이없음 ㄹㅇ,1,7970,열정호구 
98340,이거 왠지 작가님 경험담 같은데 ㅋㅋㅋㅋㅋㅋㅋ 뭔가 디테일해,4,7935,열정호구 
102880,"네이버에서 이런내용 허락해주는거 보니
네이버는 이렇게 까지는 안하는모양이네요.
힘내요 작가님들~",2,7918,열정호구 
73364,나는 저 편집장의 사람 뽑는 태도가 더 신기하다. 실제로 사람을 저렇게 뽑는 인사과들이 많은 건가? 실제로 사람 저렇게 뽑는 거면 진짜 노답이구나;;  나이많은(저게 나이 많은 건지도 모르겠지만) 사람 거르고 젊다고 포폴안보고 뽑고 당황스럽고 무식하다...,15,7888,열정호구 
23532,와인드립 개빡치네 솔직히 한국남자 막걸리라서 놔두면 썩어요,46,7794,열정호구 
3356,이정도면 그냥 일을 막한다고 해도 무방할거같은데...,53,7713,열정호구 
56005,편집장이나 거지같은 구조에대해서 말하는 베플은 없고 여자에게만 화살이 돌려졌네요 저여자가 도의적으로 못할짓을 한 것도 맞고 비난받아 마땅하지만 더 큰 문제도 바라봐야할것같아요,25,7709,열정호구 
39259,그래도 2차 사라진거면 조옵쌀 인생 최대업적 아니냐 ㅋㅋㅋㅋㅋㅋㅋㅋ,39,7663,열정호구 
13730,진짜 엄마 발암이다. 저런 성차별적인 발언이나 하고 여자든 남자든 별다를게 없는데...,49,7626,열정호구 
8045,저건 솔직히 사기 아님? 작가 한테 주는 돈이라고 뻥 치고 돈 후원 받는 거잖아. 신고 해야 하는 거 아님?,50,7603,열정호구 
60964,사이다 마시고 토한 느낌,21,7452,열정호구 
55978,그니깤ㅋㅋㅋㅋ댓글이 편집장욕보다 여자욕이 더 많아 결국 댓글들도 현실을 보여주네,25,7442,열정호구 
25375,제가 교장쌤과 밥먹어  봐서알아요 정말 지옥이예요,44,7358,열정호구 
43083,좁쌀같은 사람이 현실에도 있다는게 슬프다,36,7347,열정호구 
23693,차장희 차장님 오랜만에 사이다 ㅋㅋㅋㅋㅋㅋㅋㅋㅋㅋㅋㅋㅋㅋㅋㅋㅋㅋㅋㅋㅋㅋㅋㅋㅋㅋㅋㅋ,46,7316,열정호구 
41686,오지마 죽어 ㅋㅋㅋㅋㅋㅋㅋㅋㅋㅋㅋㅋㅋㅋㅋ,37,7268,열정호구 
26372,베댓님 암걸리겠다는 말 사용하지 말아주세요 ㅠㅠ 투병하시는 분들을 생각해서라도 우리 고구마 먹은것 같다는 말로 바꿉시다!!!,43,7243,열정호구 
62329,주인공 답답하다 인정..?,20,7238,열정호구 
17019,저게 집이냐 감옥이냐....,48,7176,열정호구 
71966,지금 보니까 좁쌀 1도 안귀여움,16,7154,열정호구 
79704,"요즘 젊은이들은 편하게 살아서 힘든걸 모른다 감지덕지해야한다는 식의 말이 역겹다 모든 발전의 가능성을 다 찢어쳐먹는 말 아님???
소름끼친다 진짜 소름끼쳐 회사를 갑으로 모시면서 애지중지하는 그 모습이 너무 무섭다 회사는 받아달라고 굽힐 상대가 아니다",13,7153,열정호구 
52469,자기가 다니는 회사가 제일 힘들다고 너는 힘든것도 아니라는 소리 들으면 진짜 힘빠지는데..,27,7148,열정호구 
5591,저 집안은 정상적인사람이 없어....,52,7112,열정호구 
84690,ㅋㅋㅋㅋㅋ뭐얔ㅋㅋㅋ 이회사 이상해 ㅋㅋㅋㅋㅋ ㅋㅋㅋㅋㅋ,10,7104,열정호구 
57673,성희롱은 하지 말자...,24,7074,열정호구 
92474,그럼 니가 해보던가 조옵쌀 X신아,6,7072,열정호구 
83449,너무 슬픈 게 정말 이게 현실인 게 나도 맨 처음에 저런 회사에 있다가 결국 못 버티고 그만뒀더니 못 버틴 니가 잘못이라 구박받았는데 지금 회사 전 회사랑 비교해서 지-------인짜 좋다. 전 회사는 악의 구렁텅이였음....부모님이 취업하고도 스트레스 받는 사람 절벽으로 몰지 않았음 좋겠다...나 그 떄 처음으로 위쪽 병 얻고 돈 엄청 깨지고 다시 취업 못할 줄 알았을 정도 트라우마가 쎘었다..전화소리에도 벌벌 떨 정도였는데....못 버틴 사람이 이상한 게 아니라고 꼭 말해주고 싶다...,11,7062,열정호구 
105840,"열정으로 일하고 월급 합법적으로 삥뜯기는 호구?
지금 이땅의 젊은이들의 현실.",1,7011,열정호구 
50913,목조르는거 개 사이다,28,6997,열정호구 
24546,좁쌀이랑 러브라인 연결되는줄알고 진짜 답답해하고 있었는데 사이닼ㅋㅋ,45,6981,열정호구 
101342,어쩐지 얼굴더 좁쌀같은게 마음도 좁~쌀이넹,3,6965,열정호구 
90230,공무원 시험도 비슷하다.. 나는 힘들고 그만두고 싶은데 부모님의 기대 그리고 주변시선때문에 포기하지도 못하겠고 공부하는듯 안하는듯 슬럼프에빠지고 결국 장수생... 정신차리고나면 나이는 나이대로 먹고 그럴수록 더빠져나오기힘들고..  적정선에서 포기하고 빠지는것도 정말 큰용기가 필요한거같음.. 진짜 한번사는 인생 남이 내인생 대신살아주는것도 아니고 눈치보지말고 살아야겠다하면서도 쉽지가 않은거 같음,7,6887,열정호구 
942,ㄹㅇ 한국에서 가장 먼저 개선되어야 할 것은 직장&취업 문화라고 생각한다.. 너무 시급함,56,6878,열정호구 
6805,제목이 추석인걸 보고 흠칫하며 고구마먹을 각오하고 들어옴...,51,6874,열정호구 
46550,논리는 조옵밥이네,32,6857,열정호구 
37673,아 잠깐만 저거 보니깐 주인공 너무 불쌍해서 울거같은데요. 저 상태면 진짜로 소리지르고 뭐라하고 싶은데 부모님 상처받을까봐 제대로 말도 못하고 뭐라하면 부모님 말대꾸 한다고 뭐라하고 동생은 옆에서 놀리고 그리고 뭐라할 수도 없고 진짜 짜증나고 울고싶고 저도 저런 처지라서 저 마음이 어떤 마음이지 이해가.. 보는것만으로도 짜증이 확 나고 울고싶네요..,40,6800,열정호구 
38966,"노래방 극혐 순위

1. 지만 부르는 애
2. 노래 취소하는 애
3.  휴대폰만 보는 애
4. 지는 노래 같이 불러놓고 내가 같이 부르면 화내는 애
5. 조옵쌀",39,6795,열정호구 
47619,작가의말보고 해뜨자마자 투표하러간다.,31,6793,열정호구 
32273,저런 집에서 정상적으로 산게 대단하다,41,6787,열정호구 
54329,그렇다고 해서 저렇게 직원들을 혹사시켜?,26,6773,열정호구 
16981,와 엄마 너무하시네...2~3등급은 받기 쉬운 줄 아나,48,6771,열정호구 
16522,사실 아버지 학교 정원이 20명인거 아니냐ㅕ,48,6692,열정호구 
40918,"와...ㄹㅇ 조옵쌀이랑 엮을때 토 나올뻔
옵쌀오빠...라니...젠장 눈갱 당했어",38,6685,열정호구 
1632,사이다 타령하는 것들은 사회생활 1도 안해보셨나봐? 니들 일어날수 있는일도 대놓고 판타지로 바꾸라네ㅋㅋㅋㄱㅋ,55,6679,열정호구 
90637,"딸이 힘들어하는지 어떤지도 모르고
무작정 너가 취업해서 좋다 이렇게 말하면
오히려 자식입장에서는 
내가 취업을 안했을때는 부모들이 싫어했구나하고 더 부담가짐",7,6641,열정호구 
101175,아오 그러면 은지랑 결혼해,3,6582,열정호구 
57576,저땐 사이다였는데 지금은 왜 이런 고구마가 됬을까,24,6569,열정호구 
40676,비정규직이라고 개차별하다가 저럴때만 하나냐 ㅋㅋㅋ 단합 같은 소리하네 ㅋㅋㅋ,38,6545,열정호구 
87256,와 진짜 우리아빠 같다 아빠는 아침형 인간이고 나는 저녁형 인간인데 아빠 기준에 모든 걸 맞춰서 새벽에 공부하고 아침 10시 넘어서 일어나면 게으른x 부터 시작해서 아침형 인간의 중요성을 구구절절 말하는데 들을 때마다 상처받고 스트레스 받는다. 내가 왜 그런 소리를 들어야하며 모든 내 일정을 아빠 스타일대로 맞춰야하냐. 나는 새벽에 공부가 잘 되고 시험도 끝까지 하다가 자야 성적이 잘 나오는 스타일인데 거기에 맞추면 내 성적이 이리 되든 저리 되든 상관 없는건가? 그렇다고 성적에 신경 안 쓰면 몰라. 맨날 사회나가면 니 꼬리표처럼 붙는 게 성적표다 어디를 취업하든 그게 널 알려주는 지표다 하면서 왜 내 생활 내가 결정해서 살겠다는데 그렇게 꼬투리를 잡냐고... 애초에 딸한테 게으른x 이라고 말하는 거 자체가 아빠로써 자격 탈락이야 진짜. 당신한테 들은 욕 평생 가슴에 묻고 살거다.,9,6516,열정호구 
6828,진짜 열정호구는 현실 웹툰이다 ㅋㅋㅋㅋ 인정하면 좋아요,51,6489,열정호구 
69581,열정호구..제목하나는 신명나게 잘진듯,17,6423,열정호구 
23632,조옵쌀 남녀차별발언 극혐.......,46,6416,열정호구 
60926,이 회사에 기대한 내가 바보지.....,21,6407,열정호구 
60018,아;; 걍 망하지;;;그켬이네 진심 저런 회사 살아남아봤자 저기 낚여서 들어가는사람에겐 피해가 갈텐데 ㅋㅋ,22,6386,열정호구 
49705,진짜 찐따같다,29,6353,열정호구 
98213,아나 작가님 저 씨xx 어디사는 누구에요 보는데도 개빡치네 네이버웹툰 케릭터중 역대급 발암새x인듯;;,4,6337,열정호구 
101101,그래서 호의가 계속되면 권리 ... 버릇을 잘못들인거임 ㅉㅉ 회사에서 흔한일.,3,6272,열정호구 
73507,튀어라튀어라튀어라튀어라튀어라튀어라튀어라튀어라 튀어라튀어라튀어라튀어라튀어라튀어라튀어라튀어라 튀어라튀어라튀어라튀어라튀어라튀어라튀어라튀어라 튀어라튀어라튀어라튀어라튀어라튀어라튀어라튀어라 튀어라튀어라튀어라튀어라튀어라튀어라튀어라튀어라 튀어라튀어라튀어라튀어라튀어라튀어라튀어라튀어라 튀어라튀어라튀어라튀어라튀어라튀어라튀어라튀어라 튀어라튀어라튀어라튀어라튀어라튀어라튀어라튀어라 튀어라튀어라튀어라튀어라튀어라튀어라튀어라튀어라 튀어라튀어라튀어라튀어라튀어라튀어라튀어라튀어라 튀어라튀어라튀어라튀어라튀어라튀어라튀어라튀어라 튀어라튀어라튀어라튀어라튀어라튀어라튀어라튀어라 튀어라튀어라튀어라튀어라튀어라튀어라튀어라튀어라 튀어라튀어라튀어라튀어라튀어라튀어라튀어라튀어라 튀어라튀어라튀어라튀어라튀어라튀어라튀어라튀어라,15,6246,열정호구 
5377,"결혼 왜 강요하는지 이해 불가ㅋㅋㅋ 애 안낳고 배우자랑 둘이 사는건 모를까 애 낳으면 최소 20년은 내 인생 희생해야 되고 돈도 둘이 사는거에 몇배는 더 듦ㅋㅋㅋㅋ
또 여자는 취업하면 거의 다 잘리지 뭐. 내가 좋은대학 나와서 내가 하고싶은거 하며 살려고 노력했던 것들이 아까워서라도 절대 안한다.",52,6233,열정호구 
71807,ㅎㅎ나 알바하던곳 사장도 은정은정은정은정했는데 ㅋㅋ얼굴도모르는 은정,16,6204,열정호구 
79972,아 어머니 죄송한데 좀,13,6174,열정호구 
79592,근데 저 만화에 나오는 엄마만 저런 생각을 가진게 아니라는것... 많은 저 나이대 기성세대분이 저렇게 생각을 한다. 우리엄마도 그렇고,13,6114,열정호구 
23616,"진짜 버스정류장에서 담배피지 말아주세요.. 
학생들도 많고 어린아이들도 많은데 피면 간접흡연을 하게 되어서 어린아이들 몸에 좋지 않다고 합니다",46,6105,열정호구 
105405,"보시면서 격분하실 분들이 많을것 같습니다. 현 대한민국 386 , 486 꼰대새 771 들이 얼마나 기득권을 쥐고 청년들액기스를 짜네는지 적나라하게 묘사한 만화입니다. 무서운점은 이게 만화가 끝이 아니라 현실은 더욱 참담하는것입니다. 부디 저를 베댓으로 올려 많은 청년들과 꼰대들이 이글을 볼수있게 해주시기 바랍니다.",1,6096,열정호구 
84706,ㅠㅠㅠ다들같은마음인가봐 악의구렁텅이래ㅜㅠㅜㅠ,10,6027,열정호구 
27412,"그래도 친구는 진정한 친구네

진짜 친구는 친구가 잘못하거나 나빠지고있을 때
깨우치게 해줌

근데 그 말을 듣지않는 조옵쌀이 문제지ㅠ",42,6017,열정호구 
90621,미정이라는 분 되게 말 이쁘게 하신다.. 실제로 저런분들이 과연 몇이나 될까?,7,5944,열정호구 
88776,"처음 회사에 들어가는 신입의 입장으로서는 버텨야 한다는 압박감이 클수도 있습니다. 하지만, 그 이유가 가족, 주변시선이라면 다시 본인한테 물어보세요.. 내가 이곳에서 3년을 버틴다음 남는 것이 무엇일까?? 그 중 남는 것이 의미가 있다면 버틸만 하지만 아니면 조금이라도 빠르게 나가는  것도 좋은 선택이라고 생각합니다.",8,5924,열정호구 
19870,헐... 근데 이와중에 남자애 금사바 ㅋㅋㅋㅋㅋㅋㅋ,47,5922,열정호구 
23554,ㅁㅊ ㅋㅋㅋㅋㅋ진짜 양심없다 저딴 놈은 어차피 못하겠지만 결혼하면 안됨.... 어디 남의 귀한딸 갖다 고생시키려고,46,5880,열정호구 
50450,"저거 심슨에서 리사가 오빠인  바트목을조르고있는데  아버지인 호머(바트목을 자주  조름)가 오셔서 "" 리사,안돼! 네 힘은 너무약해!"" 라고 한걸 패러디 하신겁니다!",28,5871,열정호구 
32250,고구마를 만개먹은것 같다  암울,41,5866,열정호구 
55983,왜 여자를 욕하는 베플만 있는지요? 여자가 그렇게 행동하게된 근본적인 원인은 편집장인데 왜 화살이 여자에게만 쏠리는지 생각해볼 필요가 있을 것 같은데요.,25,5859,열정호구 
68329,좁쌀아 니가 한거 아니잖아,18,5853,열정호구 
25379,작가님ㅋㅋㅋ 오해할까봐 안티아니랰ㅋ,44,5814,열정호구 
970,지는 돈 안 좋아하냐,56,5810,열정호구 
102840,진짜 웹툰작가는 다 저런듯 늦어서 욕먹을까봐 끼니 거르고 맨날 들여다보니 허리도 휘고 점점 말라가고..안경 안쓰는 작가 거의 없고.. 좀만 늦어도 독자들이 뭐라하니깐 더 열심히 하다보면 여러가지 병도 생기고 밥은 굶을때가 더 많아지고 척추층만증도 걸리고 그리고 삼시세끼 잘먹어도  결굴 앉아있기만 하니 비만이다 웹툰 캐릭터에 가려진 작가들의 모습이 얼마나 힘든지 모르고 늦다고 욕 그림이 이상하다고 욕 맞춤법좀 틀렸다고 욕... 진짜 입장바꿔서 생각해봐라... 나도 웹툰작가가 꿈이였다 부모님이 반대하는 이유 첨엔 몰랐는데 이제 알거 같다 진짜 힘들다 내 특색따윈 무시한체 다른 웹툰작가 그림만보고 잘그리려고 하다보니 더힘들고...진짜 그림 못그려도 순위권 있으려면 스토리가 좋아야한다. 진짜 웹툰만 보고 쉽다고 판단하는건 아닌거 같다.,2,5796,열정호구 
37947,적어도 좁쌀은 가아끔 귀엽고 불쌍한 과거라도있지...시불...,40,5778,열정호구 
37749,주인공이 조옵쌀을 견딜 수 있는 이유네.,40,5777,열정호구 
13466,진짜 닫힌 옛날사고방식 극혐;;,49,5775,열정호구 
47541,조옵쌀이 되기 싫으면 투표합시다 짝짝,31,5773,열정호구 
67685,"편집장. 아무리 친구들과 같이 있는 자리지만, 말에 과대포장이 심하다. 그림을 잘 못 그리는 아마추어 작가도 만화에 대해서 ""선을 찍찍 긋고 애절하게 감성팔이만 하면 그 까~이꺼~ 뭐 대충 그냥~""이라고 대답하진 않을 것이다. 만화에 대해서 모른다는 게 너무 티가 나고, 친구들이 자리 엎지 않고 두둔한 것을 다행으로 여기도록. 만화를 그려 본 적 없으면, 현역 작가들이 근무하는 화실에 견학을 한 번 가보는 걸 추천한다. 당신은 학생이 아니라 회사원이고, 편집장 직책까지 가졌으니까, 작가가 별 의심 없이 견학을 허락할 것이다.",18,5749,열정호구 
81919,가 족같은 분위기 인정합니다,12,5723,열정호구 
2206,"유명하지 않은 사이트에서 연재를 하고 있는 신인 웹툰 작가입니다. 같이 그림쪽 일을 하고 있는 친구들과 열정호구를 함께 보며 화도 내고, 웃기도 하고, 너무 답답하고 공감되어 한참 울기도해요. 어디가서 말도 못 하고 도움도 못 받고 그저 얼른 계약이 끝나면 좋겠다는 마음으로 참고 또 참고..저는 이번 연재가 끝나면 이제 만화는 못 그릴 것 같아요. 어릴때부터 좋아했고 원했던 일인데 시장이 제가 생각했던 것과는 너무 달라 더 이상 버틸 수 없네요. 하루 4시간씩 자며/ 혹은 한숨도 못 자가면서 일하는데 이게 뭔가 싶고ㅋㅋㅋㅋㅋ정말 죽을 것 같고 돈은 못받고ㅋㅋㅋ제 열정이 부족한 걸까요? 하지만 이제
 정말 죽을 것 같아요...몸이 안아픈 곳이 없고 매일 작업하면서 우네요. 그래도 같이 일하며 공감해주고 욕해주는 기분이라 열정호구 너무 잘 보고있습니다..감사합니다..",54,5672,열정호구 
58800,나이들수록 얼굴이 자라나보네 조오오오오옵쌀,23,5652,열정호구 
41692,"오
지
마
죽
어",37,5647,열정호구 
91702,임총:저 내일 연재중지합니다,6,5634,열정호구 
62076,항상 저렇게 매장시킨다면서 하지도 못하면서 ㅈ  ㄹ 하고 상사한테 알랑거리는 조옵쌀같은 사람들이 현실에 더 많아서 슬프다...,20,5598,열정호구 
69642,이런거 볼 때마다 새삼 참 신기함... 나에겐 악덕상사여도 남에겐 그냥 친한친구라는거.. 물론 사람이 상황마다 모습이 조금씩 바뀌긴한다지만....,17,5570,열정호구 
93862,와진짜 신입한태는 OOOOOO하다가 저 빨간머리분한테는 뭐라 못하는거봐 인성더럽다;;,5,5526,열정호구 
102761,은지 버티고 버티다가 나간거네 . 그래도 좋게 좋게 웃으면서 나가는거 보면 프로다. 괜히 싸우고 나오면 그 업계 발 다시 들이기 힘든게 우리나라의 사회지..,2,5513,열정호구 
52467,고3인데 정말 회사생활 저러나요?,27,5511,열정호구 
16862,딱 울집이 저랬지 저런집 은근히많아요,48,5492,열정호구 
46442,"진짜인 듯 가짜인 듯 진짜같은 저런 회사 존재합니다 저런 상사 존재합니다 이 웹툰은 차라리 낭만주의인 듯...실제론 말대꾸도 못함 
어이도 없고 굴욕감 이래저래 나만 속앓이ㅡ하는 바보됌 ㅠㅠ",32,5453,열정호구 
13680,우와 여주 진짜 지금 까지 살아있는게 대단하다,49,5420,열정호구 
69628,실제로 이러시는분들 많을것같어요.. 힘내요!!,17,5408,열정호구 
52302,"힘든거 위로받고싶어서 이야기하는데 
그걸 또 안지려고 자기는 더하다는거 이야기할때보면 힘빠짐...
그러는 애들은 한두번도 아니고 항상 그러더라
그럴때마다 이런생각드는.. 얘는 그렇게 날 이겨먹고싶나?
그리고 그런애들 태도보면 애초에 날 위로할생각은 겉치레일뿐이고 순전히 자기 힘들다고 징징대는게 대부분.,
그런거보면 이야기 잘들어주는 내가 바보된 기분.",27,5392,열정호구 
19577,여주님 제발 나와서 혼자살아주세요.... 제발....... 내가 여주라면 벌써부터 나와서 독립했을거같애...,47,5391,열정호구 
6677,조상덕 받은 놈들은 명절에 이미 한국에 없다. 꼭 못난 조상 둔 놈들만 음식상에 절하고 마누라랑 싸우지. 쯧쯧쯧.,51,5379,열정호구 
84617,은지씨 진짜 헬쑥하다... 2개월 동안 얼마나 단물을 쪽쪽 빨아먹혔으면...,10,5332,열정호구 
32248,소연아 가출해,41,5330,열정호구 
88826,사회는 원래 저래요 퇴사하는 자는 입이 없음. 그냥 죽도록 까여요 그것도 무기한으로 몇년씩ㅋㅋ신입 들어오면 너 전에 있던사람이 블라블라 까이고 일 잘못되면 다 퇴사자 책임임ㅋㅋㅋ사회란 무섭습니다,8,5317,열정호구 
2307,근데 이거보다 궁금해졌는데 상위권보다 조금 인기 떨어지는 작가님들은 고료 얼마씩 받으셔요..?,54,5314,열정호구 
62323,ㅕㅋㅋㅋㅋㅋㅋㅋㅋㅋㅋㅋㅋㅋㅋㅋㅋ초롱이 개사이다 언니 멋있어요,20,5297,열정호구 
32305,와......... 왜 맏이가 살림밑천... 작가님 너무 이편 장녀장남들 꿰뚫으신화...,41,5294,열정호구 
25423,자까님 여자친구 안티 아니렠ㅋㅋㅋ 자까님도 비록 자신이 만든 캐릭터라도 조옵쌀 비호감인듯 ㅋㅋㅋ,44,5284,열정호구 
102819,아니 원하는 그림체가 아니면 그런 그림체를 가진 작가를 뽑던가 전혀다른 화풍의 작가 뽑아놓고 억지로 바꾸라고 하다가 일만 시키다니 뭐 저딴 개같은게 다있어,2,5282,열정호구 
76131,ㄹㅇ 발암이다,14,5264,열정호구 
58639,자기도 옛날에 사수한테 당했다는 걸 알면 그 대물림을 본인이 끊어야지 당한 만큼 그대로 돌려 주네 넌 이미지 메이킹은 글렀다 좁쌀아,23,5237,열정호구 
45464,아니ㅜㅠㅠ 진짜ㅜㅠ 세상 참 슬프다 계약직인 사람이 같은상황인데 저런 만화그리고ㅜㅠ,33,5230,열정호구 
63560,"제가 일했던 주차알바에서도 저런분 한분있었어요 거의 놀듯이 일하면서 직급이 높다는 이유로 알바든 다른 정직원이든 자기보다 아래인 사람한태 다 시키고 자기할거 하기 바빳습니다 제가 일하던중 정말 다른 고객이보던 동료가 보던 진짜 일 정말 열심히한다 수준이였는대 갑자기 무전기로 일 똑바로 안하냐면서 하는거에여 그래서 무전기로 알겠다고 했는대 또 무전으로 ""일 그따위로 하면서 알겠다고 하냐고"" 머라하더군요 저는 매우 기분이 안좋았습니다 그때 정말 바빳습니다 저희 주차장에 약 6000대 가량 주차할수있는 공간이 있는대 그게 싹다 만차가 될정도 거든요 그래서 제가 일단은 화나는걸 참고 한번더 알겠다고 했죠 근데 무전으로 ""내가 지켜보고있는대 계속 말대꾸하내""라고 하는겁니다 지켜보고있으면 도와주질 못할망정 저한태 다가와서는 짜증을 내는겁니다 저도 너무 화가난머지 ""하라는 대로 하고있잖아요""라고 했는대 나한태 지금 성질낸거냐면서 욕하고 손지검을하고 일끝나고 보자면서 하더군여",19,5196,열정호구 
79957,어머니가 일해보세요,13,5179,열정호구 
101163,아니 그러면 은지씨를 다시 대려오세요 암걸리겠네 진짜,3,5157,열정호구 
42759,솔직히 우리 나라가 이런 사회에 살아가고 있다는것에 대해 매우 맘이 아픕니다 아무리 만화라고 해도 거의 절반은 지금 상황과 일치하다고 생각하네요. 우리 나라에서 지금 취업하느라 스펙 쌓느라 정닥 자신이 즐기고 시픈것들은 못하지요 덕분에 자살룰 1위에다가 아이도 낳지 않고 있습니다. 저희가튼 학생들에건 큰 불안감과 사회에 나가기 매우 무섭네요... 계약직이라구 무시하고 일 더시키고 혜택도 안 주는 이런 사회는 날이 갈수록 심각해지고 있습니다 이런 사회를 바꾸기위해 모든 사람들이 노력해야겠다고 생각하네요ㅜㅜ 긴 글 읽어주셔서 감사합니당,36,5153,열정호구 
24698,44화만에 우리가 진정 바라던 그림이 탄생했어요 여러분!!!!!!!!술취해서 뻗어 있지만 드디어 조옵쌀이 맞았어요!!!!!!이걸 위해 우리는 44화 동안 고구마를 먹은 겁니다!!!!!!!빠샤!!!!,45,5151,열정호구 
44888,연애도 여유가 있어야 하는거임....,34,5141,열정호구 
55958,"여직원에만 초점이 맞춰지네요. 이 편의 주내용은 그게 아닌데... 언론인이란 탈 쓰고 있는 것들 중 더러운 것들 진짜 많습니다. 꼭 저런 식이 아니더라도. 그게 자의가 됐든, 상사가 까라는 대로 까는 거든요. 그리고 여자들 도와줬는데 도망갔다더라 증언 안해줬다더라 이런 인터넷글 곧이곧대로 다 믿지 마세요. 물론 그런 경우도 있겠지만 대다수의 여자분들이 그런건 아닙니다; 길가다 성폭행 당하는거 봐도 도와주지 말고 ""하던거 마저 하세요"" 하고 가라뇨. 굳이 본인이 얽히기 싫으면 신고라도 해줘야지 뭔 개소립니까. 니들 여동생이나 딸이 도움 못받아도 고따위로 말할래요? 하던거 마저하라고?",25,5116,열정호구 
83793,나가 뭘고민해 나가,11,5115,열정호구 
49395,좁쌀이진짜 아무리 인턴때 그런일이 있다해도 저건 아니지,29,5099,열정호구 
93698,"진짜 들어온지 얼마안됬을때 여기만한데 없다고 복받은거라했던 회사들 다 진상,최악..",5,5064,열정호구 
1578,조옵쌀 샌드백 인형 안 나오나요? 회사에 조옵쌀같이 행동하는 상사 있는데 그 인간 생각하면서 때리고 싶네요 직장인 스트레스 해소용 인형으로 나왔으면..,55,5044,열정호구 
76060,딸한테 귀싸대기라니,14,5042,열정호구 
48431,편집장 맨 처음 귀여워 보였어.... 내 눈도 이제 ...,30,5037,열정호구 
41685,뭐야 그럼 저 마지막 소연씨가 쓴 편지는 조옵쌀이 쓴 걸로 나오는 건가?ㅋㅋ,37,5033,열정호구 
63580,초롱아 소리 질러 !!!!!!!!!!!!!!!!!! 니 어깨 만졌다고 !!!!!!!!!!!!!!!!!!!!!!!!!!!! !!!!!!!!!!!!!!!!!!!!!!!!!!!!!!!!!!!!!!!!!!!!!!!!!!!!!!!!!!!!!!!!!!!!!!!!!!!!!!!!!!! !!!!!!!!!!!!!!!!!!!!!!!!!!!! !!!!!!!!!!!!!!!!!!!!!!!!!!!!!!!!!!!!!!!!!!!!!!!!!!! !!!!!!!!!!!!!!!!!!!!!!!!!!!!!!!!!!!!!!!!!!!!!!!!!!!!!!!!!!!!!!!!!!!!!!!!!!!!!!!!!!! !!!!!!!!!!!!!!!!!!!!!!!!!!!! !!!!!!!!!!!!!!!!!!!!!!!!!!!!!!!!!!!!!!!!!!!!!!!!!!! !!!!!!!!!!!!!!!!!!!!!!!!!!!!!!!!!!!!!!!!!!!!!!!!!!!!!!!!!!!!!!!!!!!!!!!!!!!!!!!!!!! !!!!!!!!!!!!!!!!!!,19,5025,열정호구 
92410,아 내가 다 사이다ㅋㅋㅋㅋㅋㅋㅋㅋㅋㅋ 저분이라도 회사 떠라ㅋㅋㅋㅋㅋㅋㅋ,6,5025,열정호구 
87510,아무리 그래도 아빠가딸에게 욕은.....,9,5010,열정호구 
12918,아 정말 내 이야기같다..여기 댓글만 봐도 만화같은 집안이 여전히 많다는걸 못 믿고 극단적이라고 하거나 사이다 달라고 하시는 분들이 많은데 사실 당사자들이 좋은 일 아니라서 상처를 숨기고 다닐 뿐 저런 집안 여전히 많거든요.. 작가님 만화 보고 위로받고 갑니다..,49,5000,열정호구 
76041,올ㅋ좁쌀시키 오늘만 쮀~~~~끔 귀엽구만,14,4999,열정호구 
2321,편당 5만원ㅋㅋ ㅋㅋㅋ ㅋㅋ존나 날로먹네;; 장난까냐,54,4998,열정호구 
87394,"아버지가 딸의 가슴에 대못을박네요
저게 나중에 누적되면 상처가되요",9,4967,열정호구 
101102,저 좁쌀인지 뭔지가 잘못한 걸 왜 은지 작가 탓을 해?ㅋㅋ 그것도 다 그 작가도 저렇게 억지 부리는 거 다 들어주다 그렇게 된 걸텐데... 혹사 당한 걸 생각하면 불쌍하다...,3,4953,열정호구 
84648,물론 한국에 저렇지 않은 회사들도 많이 있습니다. 근데 여러분이 다니는 회사는 아닙니다.,10,4952,열정호구 
79589,"과거랑 지금이랑 같은 취급을 할려고 그러네. 과거는 그래도 기계가 적어서 사람들이 많이 필요했지만 지금은 데체로 대중화 되어서 사람들이 많이 필요하지 않게됬다. 결론은 겉모습은 좋아졌으나 살기는 상당히 힘들어졌다는 뜻이다.
지금 상당히 심각하다. 왜냐면 수능 만점대가 서울대도 못갔다는 정도이니 얼마나 심각하겠는가. 30년후 이상황이 지속된다면 겉잡을수 없는 일이 일어날것이다. 북한 미사일이 날아오는것과 더 무서운 일이....",13,4947,열정호구 
54508,이제 베뎃은 찍먹파와 부먹파로 나뉘게되겠지..,26,4915,열정호구 
79974,아 진짜 사회 시선 글러먹었다..,13,4886,열정호구 
60745,"최근 제가 대기업상대로 저런 비슷한 일을 당했습니다.....
자체 계약직으로 계약해서 2년뒤 정규직을 시켜준다고해서 다니던 회사까지 그만두고 나왔는데 팀장이 수습 3개월을 조건으로 걸더군요ㅋㅋㅋㅋㅋㅋ 
해가 지난 지금 갑자기 티오가 사라져서 자체계약도 못한다는군요
저는 낙동강 오리알이 되었어요ㅋㅋㅋㅋㅋㅋㅋㅋㅋㅋㅋㅋ 남일같지않아서 더 화가납니다....
나비달고다니는 S* 기업.... 진짜 고소하고싶다ㅋㅋㅋㅋㅋㅋㅋㅋㅋ",21,4875,열정호구 
54342,결론은 쓰레기,26,4867,열정호구 
57733,조옵쌀 옛날엔 괜찮았는데... 지금은 외모와 인성이 왜그럴까...,24,4855,열정호구 
48367,칸트의 의무론이라는게 있어요. 결과가 어찌됐든 동기가 선한게 중요하다는 얘기죠. 하지만 조옵쌀은 아닙니다. 동기도 악하고 결과도 구려요.,30,4842,열정호구 
76067,"저 팀장 아는 게 뭐지?
그리고 저 부모 부모임? 
차라리 헨젤과 그레텔 새엄마가
더 나은 듯",14,4831,열정호구 
105216,"열심히 일하는 청년들아 나처럼 무식하고 미련하게 일해서
건강해치지마라  내나이적지않은30대인데   정말회사에서
온몸 바쳐일했다 야근 불사하고 쉬지도않고 밥도 늦게먹고
일있으면 야근도자처해서 진짜 열심히 일했다 정말  방황해서 겨우잡은 직업이자 일자리라서 ...하지만 얻은것은  망가진몸뿐이였다  그러니   청년들이여 절대 회사을 위해서
니몸 망치지마라 챙길거 다 챙기고 쉴거 다쉬고 그리고
일해라  나처럼 밥안먹고 야근불사르고 희생해봤자
뒤에서 욕하면 더하고 일시키면 더시키지 누구하나 알아주지않는다 그러니 본인건강 챙기면서 회사생활 힘내길
바란다 이땅에 청년들이여 화이팅!!",1,4813,열정호구 
61985,"이거 보시는 어린 독자님들, 우리나라에 이 웹툰 같은 회사 많고요, 또 좋은 회사(적어도 좁쌀닷컴 보다 훨씬 좋은)도 찾아보면 많습니다. 힘들게 입사 했어도 부당한 일을 당하는 것이 당연시되고 정말 참을 수 없을 정도로 힘드시면 나가셔도 됩니다.. 그래도 본인 능력을 믿고 자신감을 가지면 이직 잘 하고 결국 맞는 길을 찾아 갈 수 있어요. 용기없고 안주하는 사람들만 결국 저런 사람 대우 못 받는 회사에 남게 되죠... 저도 직장 생활 4년차밖에 안됐지만 제 경험과 진심을 담은 의견입니다. 참고 부탁드려요.",20,4809,열정호구 
27622,아 제발 저 조옵쌀 좀 치워줘요;,42,4798,열정호구 
41492,조옵쌀도 엄청난 발암물질이었지만 차장희 저여자도 만만찮은 농약인듯...,37,4769,열정호구 
31919,"소연이 엄마는 자신의 말이 소연이에게 어떻게 다가올지 생각도 안 하고 내키는 대로 내뱉고.. 상처 받았다고 하면 뒤끝 있다고 하는 고구마 인생 노답 가해자의 전형.. 소연이 아버지는 동생과 비교질에 그냥 소연이를 싫어하고.. 정말 나라면 왜 낳았는지 의문이 들 것 같다. 얼마 전에 엄마가 낳아준 것만으로도 감사해야 한다고 했는데 솔직히 나는 동의하지 못 했다. 나 낳느라 고생하셨고, 키우느라 힘드셨을 것이라는 건 이해가 가지만 내가 태어나고 싶어서 태어났나? 내가 원하지도 않았는데 이 세상에 태어나게 된 게 과연 감사할 일이라고 할 수 있을까? 나를 낳은 건 당신들의 선택 아니었나? 적어도 태어날 때 나는 선택한 것 하나 없는데. 세상에 태어난 것 자체가 부모님께 감사해야 할 선물일까? 태어나서 가슴 벅찬 사랑도 하고, 즐거움도 얻을 수 있지만 그 만큼 힘든 일을 겪고 고통도 이겨내야 하는데. 성경에는 이런 말이 있지. 제일 복 받은 사람은 아예 태어나지 않은 사람이라고.",41,4738,열정호구 
61071,정상인이있을리가없지 이회사에,21,4721,열정호구 
23612,"아진짜  남자랑 여자랑 무슨차인지 모르겠다.....
자기는 어떤지 생각안하고
진짜 소개팅을 하고싶었으면 배려를 하면서 말할것이지
담배 2갑피우는걸 싫어하는사람을 못된사람으로 만들어버리네",46,4701,열정호구 
42559,넌 인터뷰 할때 뭐하고있었는데?,36,4698,열정호구 
47515,조옵살 이 35살임?   40인줄.....,31,4698,열정호구 
91731,임차장님 당신은 웹툰을 안보니까 모르겟지만 여기 당신이랑 똑같은 상사가 있네요 신입으로 들어와서 아무것도 모르는데 책보고 따라하기만 하면 된다해서 따라했더니 내가 가르친대로 안했다고 타박줫죠? ㅋㅋㅋㅋ 뭘 가르쳐줫었는뎈ㅋㅋㅋ 조금이라도 회사능률 올리고 싶으면 직원을 가르쳐줘랴지 하나도 안가르쳐주고 핸드폰만하고 화장실가고 뭐만 하면 야근시켜서 일주일내내 쉬지도 못하게만들고 당신때문에 스트레스 받은게 한두개가 아니였지 진짜 지금 생각해도 당신같은 상사 밑으로 들어가라고 한번더 권유하면 그냥 회사 불지르고 도망가고 싶을정도에요 그만둔지 1년이 되긴했는데 신입사원 뽑았겠죠? 그 신입이라도 잘 가르쳐주길 바랍니다 저 같은일 안생기게끔 ㄷㄷ 그동안 참 고마웟습니다 덕분에 이 만화 공감하면서 보네요,6,4696,열정호구 
26201,아 근데 진짜 소연이도 문제임 부모가 자신을 그딴식으로 대해도 아직까지도 생활비에 보태면 칭찬받겠지 이런 마음가지고있고...주위에 이런 애들 보면 남들이 뭐라뭐라 암만 해도 결국 지 멋대로 함 결론은 지가 느껴야 된다는거 어휴 소연아 정신차리자,43,4636,열정호구 
3372,"벌써이만화가연재한지1년이되었네요!!
첫연제:2016년10월10일
축하드립니다!!!🌸편집자엿맥이는거한번쯤보여주세요ㅜ🌸",53,4614,열정호구 
73389,아아 님아 그강을건너지 마오,15,4571,열정호구 
88839,표정바뀔때 겁나 소름;;,8,4568,열정호구 
16459,"아 보자보자 하니까
엄마라고 부르기도 아깝다;;
무슨 북한이야?맘대로 콘서트도 못보고
화장도 못하고 연애도 못해?
무슨 딸이 엄마의 감시 하에 움직이는
로봇이야? 나같으면 드럽고 치사하고
답답해서 집에 못살겠다;;
그리고 아빠랑 동생은 무슨 러브레터 받은게
죄도 아니고 다 까발리고 남자애한테 욕 쏟아부어서
소연이 연애도 못하게 하네;;
이 집이랑 똑같이 되기 싫어서 욕은 안쓰는데
정말 욕하고 싶어;;",48,4547,열정호구 
98386,극혐 핵극혐,4,4547,열정호구 
76036,이제 사이다 마셔줄때 됐습니다 작가님..,14,4544,열정호구 
57567,"처음으로 좁쌀이 멋지다고 생각함
(미쳤나봄)",24,4541,열정호구 
44980,아 생망아 꽃길만 걷자⚘⚘⚘⚘🌸🌸🌸🌹🌸🌹🌹🌷🏵🌼💮🌷🌷🌷🌺🌺⚘⚘🌻🌸🌸💐💐💐🌹💐💮⚘🌼,34,4531,열정호구 
19582,"동생은 뭐 러브래터 줄수도있지 엄마가문제......
딸인기많다고 소문내도 모자랄망정에.......
그리고 받고싶어서 받았나? 애앞에서 갈기갈기 찢어줘야 마음이풀리시려나요 어머님? 편지받은게 그애가 용기내서 준건대........ 그걸 가지고 욕을하네....... 아마 동생이받아왔음 
결과가 달라졌을듯.......",47,4505,열정호구 
93815,이거 보세요. 만만치 않은 직원에게는 함부로 진상짓 못하잖아요. 국민도 만만치 않은 존재가 될 필요가 있습니다.,5,4497,열정호구 
38293,아오 개발암 진짜,40,4478,열정호구 
47340,조옵쌀같지만 이거 ㄹㅇ임. 계약직은 건강검진도 못받고 휴가도 못가고 근로자의 기본적인 권리를 못누림ㅠㅠㅠㅠ,31,4478,열정호구 
3357,"소정의 선물이요?
네 예를들면 배라던가",53,4409,열정호구 
105768,열정페이 당하는 열정호구에 대한 얘기인 듯.. 씁쓸한 얘기 어떻게 풀려는지?,1,4406,열정호구 
8071,젊고 어린친구들이 많이 보는 웹툰시장이라 아직은 사이다를 원한다는 말들이 계속 나오는데 직시하세요 이게 현실이고 여러분들이 사회에서 맞이해야할 첫 관문입니다. 대신 제발 주인공처럼 참지만 말고 바꾸려고 노력해야합니다,50,4369,열정호구 
71703,조옵쌀 지난주만 귀여웠음 여러분 모두 속지마세요 지나친 오해입니다 이번화가 진짜 조옵쌀,16,4319,열정호구 
43701,아.. 바로 앞에서 꼭 저러는 부모들있다.. 너 공부안하면 누구누구처럼 된다 이런말좀 대놓고 안하셨으면..,35,4311,열정호구 
45489,나중에 저런 떠보기 질문에 걸릴까무섭다...ㅠㅜ,33,4291,열정호구 
49090,왜 나만 생망작가 쎄하냐... 쟤 멘탈이 강한게 아니라 엄청난 싸바싸바 아니면 무개념인거 아냐...?! 이 만화에서 정상을 바랄수가 없써ㅠㅠㅠㅠ,29,4274,열정호구 
19590,저혈압 환자분들께 이 만화를 추천드립니다,47,4268,열정호구 
37432,"가족이라는 이름으로 가족에게 뭐든 해도 된다- 라는 생각을 가진 분들이 많으신데. 물론 '가족이니까 어쩔 수 없지' 하는분들도 많죠. 근데 '가족이니까' 들어줘야지 그딴 생각하지마세요. 저런 가족이 나중에 자기 안좋을때나 불리할때면 제일 먼저 찾는게 여주입장을 가진 본인입이다.. 축하해줘야할 일에는 당연히 그래야지, 더 잘해야지 이런식으로 생각하고... 저런건 피가 같아도 정말 가족이라 생각할수가없네요..",40,4266,열정호구 
102841,에휴 그림체 50번이나 바꿨으면 ㄹㅇ 이건 신급,2,4257,열정호구 
105925,베도때부터 본 사람,1,4257,열정호구 
16386,만화는 정말 재밌지만 너무 스트레스 받네요. 전 이쯤에서 그만 구독하겠습니다. 그 동안 잘봤습니다.ㅜ,48,4252,열정호구 
5600,ㅅㅂ 회사 죽어라..개공감,52,4249,열정호구 
57622,과거에 어땠을지 모르지만 현재의 조옵쌀의 행동은 정당화 될 수 없지 ,24,4243,열정호구 
105265,"뭐야 내 얘기를 누가 만화로 만들어 준거야ㅋㅋㅋ 
이력서 7번도 아니고 60번써서 겨우 들어간 회사가 정말 진상였는데...
대표는 여직원 성희롱 일상이고, 팀장은 팀원들 안챙기고 대표 똥꼬빠느라 바빠서 야근수당도 다 짜르고ㅋㅋㅋㅋㅋㅋ 정작 팀장놈은 능력도 없는 인간에... 결국 나만 열정호구였지...
그래서 그렇게 열심히 다니던 회사 때려치니까 이렇게 세상 아름다울줄 누가알았겠어?",1,4226,열정호구 
71694,어릴수록 사고가 유연하니까 그림체 바꾸기 쉽다는건 대체 무슨 듣도보도못한 OOO.. 어릴수록 사고가 유연한지 어떤지는 모르겠는데 사고랑 그림체랑 별개야... 그림그리는 사람한테 그림체는 영혼같은건데 그걸 바꾸기가 쉽지않음. 오랜시간 그리고 다듬다보면 본인한테 특화된 그림이 나오는데 그게 그림체니까. 바꾸는게 불가능한건 아니지만 시간도 굉장히 오래걸리고 설령 바꾼다한들 계속 그림체를 의식하고 그리지 않으면 자신도 모르는 사이에 원래 그림체가 나올수밖에 없음. 좁쌀이가 오늘 지껄인 개소리는 그림그리는 사람들은 개빡칠꺼임,16,4210,열정호구 
87485,면접볼땐 저랬는데 왜 ..,9,4144,열정호구 
42726,좁쌀의 유일한 장점..그래도 존댓말은 써준다..,36,4138,열정호구 
86765,"가끔가다보면 가족들이 남들보다 더 무례하다고 느껴질때가 있네요. 아무래도 피가섞인 관계이니 남들보다는 더 가깝죠. 하지만 남들보다 더 가까우니까 행동할때 더 조심했으면 좋겠어요. 말하는 사람이 아무리 좋은 취지에서 말해도 듣는사람이 기분나쁘고 상처받으면 
말해서 뭐하겠어요? 또 부모님들은 훈육(회초리말고 손이나 주먹으로)이라고
때리는데 자식들 에게는 정신적으로나 육체적으로나
깊은 상처에요. 저는 지금 고1인데요 지금은 안맞지만 어릴때는 아버지 한테 진짜 OOO 맞았어요.. 회사끝나시고 술드시고 오시면 가구박살나고.. 때리고.. 그래서 외가집 에서 자고
했던 기억이나네요.. 뭐 어쨋든 가족간에 서로때리거나 상처주는일 없었으면 좋겠네요 ^^",9,4083,열정호구 
81946,요즘엔 좁쌀이 사기도치나요?,12,4070,열정호구 
50862,막짤 넘나 고소한것,28,4043,열정호구 
53995,나는 담먹!( 부먹도아닌 찍먹도 아닌 담가먹기!,26,4033,열정호구 
37561,"아 저새끼가 아빠냐....진짜 보다 폰 던질번했다..
편집장 저주인형만 만드게 아니라 가족 저주 인형 단체로 만들어야 할 듯(어금니 콱)",40,4024,열정호구 
32312,그냥 부모가 암이다. 어떻게 딸한태 저런말을;;,41,3982,열정호구 
39272,우리나라는 미국 따라하는 건 좋아하면서 왜 오버타임 하면 돈 주는거랑 회식 없는 문화는 안따라하냐.. 미국도 칼퇴하는 이유가 오버타임 하면 돈 더 주기 싫어서 그런건데...,39,3979,열정호구 
8359,친구 진짜 착하다..나도 저런친구 있었으면 좋겠다,50,3959,열정호구 
3179,아니 솔직히 사이다주라는사람들 이제 질리다못해 극혐임 진짜 앵무새수준임..  이거 장르 자체가 현장고발이라고요 저번에 배나눠준거? 그거 작가님 실화라던거 모름? 사이다찾을려면 제발 딴데가시길,53,3953,열정호구 
50440,솔로인게 뭐 어때서 그런지ㅋㅋㅋ 동정표 던지는 사람도 어이없고 하자가 있네 천연기념물이네 뭐라 막말하는 사람들 보면 진짜 기가 참..ㅋㅋ,28,3936,열정호구 
987,돈이라고 왜 말을 못해,56,3929,열정호구 
23694,아싸 조옵쌀 과태료,46,3920,열정호구 
24724,"좁쌀이 마음고생이 심하겠네


























는 개뿔",45,3910,열정호구 
68231,썸네일이 치킨이여서 좋게 들어온사람손,18,3903,열정호구 
60025,오늘꺼 마지막 부분 보지 말아야 했어,22,3892,열정호구 
45512,좁쌀닷컴에 후원한 사람들의 돈이 아깝다..,33,3879,열정호구 
91954,회사가 잘되면 회사만 잘됨....:;,6,3874,열정호구 
41002,"소연,생망: 싫은데요
차장:유감",38,3863,열정호구 
88806,조옵살은 암덩어리 인거 알고 있었는데 옆에 늙은이도 뉴발암 이네::;,8,3859,열정호구 
83740,편집장 자꾸 입으로 방귀뀌네,11,3845,열정호구 
76099,처음으로 저 코쟁이가 신경써줬네,14,3826,열정호구 
27361,근데 좁쌀가튼 스타일이 이용하기편함 빨아주기만하면 다사주는데 저런놈이 상사면 몰라도 친구면 편할듯,42,3823,열정호구 
98393,암걸릴것같다 진심,4,3815,열정호구 
68280,허언증 만렙,18,3813,열정호구 
54321,오랜 백수생활 끝에 미친거였구나...,26,3810,열정호구 
71804,아진짜 좁쌀을 다른 쌀들이랑 섞어서 밥지어 먹고싶다,16,3800,열정호구 
69527,"진짜 이번화는 많은 사람들이 봤으면 좋겠다 디자인일 한다고 너네들 가게 광고, 베너, 캐릭터 그려줄 생각 1도 없고 지인이라고 막 부탁하지마 돈도 안주면서 최소한 공손한 태도라도 보여야 되는거 아니냐? 기껏 시간내서 무보수로 해줘도 이게 별로네 저게 별로네 OOOOOO을",17,3791,열정호구 
5463,"소연이가 마음씨가 진짜 좋네요..
조금이라도 아버지를 이해하려 했다니..",52,3785,열정호구 
13455,니가 못 만들게 했잖아,49,3780,열정호구 
54225,무능력한 상사는 오로지 부하 컨트롤로 자신의 무능력을감추려한다,26,3750,열정호구 
73388,저런 개념없는 시키 좁쌀같은 눈알뽑아버리고싶다 발그레라니 소름끼침 지가 무슨 생기야 초롱이 얼굴 초록이 되고  동태 눈으로 만들려고 수작부리지마라 흐어 좁쌀시키 ㅠㅠ,15,3748,열정호구 
87255,"지금 놓여진 청춘들의 현실을 잘 드러내고 있네요.
현실은 점점 어려워지고 힘들어지는데 그 현실을 비판하기는 커녕 우리 나이대는 안 그랬다 이 나이대에는 다 취업도 하고 결혼도해서 애가 몇명이다라며 젊은 청춘들을 나무라는 현실.....",9,3744,열정호구 
23688,ㅋㅋㅋㅋㅋㅋ 차장희 고구마같으면서도 사이다같은 면이 있어,46,3731,열정호구 
73148,"허. 이제보니 은지 씨나, 소연 씨나 다 나이가 어리다는 이유로 뽑은 것이었다. 젊은 사람들이 큰 회사를 들어가려고 무진장 노력하는 이유가 뭐라고 생각하나? 능력이 적은 사람들이 근무하는 회사는 발전하기가 힘들고, 수입이 적다는 것을 알기 때문이다. 미정 씨는 연세가 깊고 능력이 아주 많은데 어떻게 뽑혔는지 모르겠는데, 그런 사람을 싸가지가 없다는 이유로 내쫒고, 말 잘들을 것 같은 순한 어린 친구를 '악의 구렁텅이'로 들여보내도 되나? 다시 한 번 말하지. 사원은 로봇이 아니야. 특히, 사람들에게 꿈과 희망을 안겨주는 '작가'는 더더욱 로봇이 아닌 인간이지.",15,3730,열정호구 
69428,"우리아빠 일하시는 주유소 사장님같네요....
아빠는 아픈허리 참아가며 주유하시는데
사장님은 주유소외에도 건물이며 다른 사업소며 가진게 많으셔서 이것저것 할게 많으신데
주유소 일하고계시는 아빠를 불러다가 다른 기계 고치는거나 사택 증축할때 필요한 일을 인부는 안쓰고 아빠보고 일하는거를 와서 하라고 하십니다
사장님이 주유소를 대신 봐주냐고요??
아뇨 저희 엄마보고 주유소 일하라고 하고 아빠를 부려먹는 것입니다
그렇다고 추가수당도 안주고요....",17,3726,열정호구 
16267,"우리집이 저럽니다ㅠㅠ
왜 저런집에서 사냐, 엇나가지 않은게 신기하다 하시는데 6시만 넘어도 전화에 문자에.. 조금이라도 대들면 그 날 미친듯이 쳐맞습니다. 가출하면 다리를 뿌순다 이럽니다 
제 얘기 보는거같아서 마음이 아프네요 ㅠㅠ",48,3702,열정호구 
91726,이럴려고 회사 들어왔나 자괴감들고 괴로워,6,3684,열정호구 
40886,진짜 우리나라 회식문화 이해안간다. 단합이라는 핑계로 일 있고 술 잘 못 먹는 사람 억지로 먹이면 좋나? 아무리 단합이 중요하더래도 다른 사람 입장도 생각해줘야지....,38,3676,열정호구 
64046,☆ 조옵쌀은 오늘도 극혐입니다. ☆,19,3669,열정호구 
90639,편집장놈 코 잡아땡기고싶다,7,3663,열정호구 
23519,진짜 저딴 빻은소리좀 하고살지 말자,46,3657,열정호구 
93692,저런거 막상 자기가 저런상황에 처해있으면 오히려 잘모름.. 특히 신입이면 더더욱 다이런건가 하고 그냥다니다가 나중에 후회하지..,5,3647,열정호구 
52326,"이번화 너무 공감간다. 어느새 우리는 현실에 저항할 생각은 안하고 '그래.. 저런상황보다는 내가 더 낫지'라고 정신을 위로하면서 하루하루 보내는게 너무 익숙해져가는 것 같다. 나도 회사 다닐 때 힘들어서 친구 만나면 그래도 너네 회사가 낫다는 소리들으며 이건 아닌데..라는 생각도하고 지금 때려치고 백수되니 애들 힘들다는 소리가 부럽기도하고.. 요즘 사람들 모두 내가 더힘들다라고 위로받고 싶어하고, '그래 너가 정말 힘들겠구나..'라고 한마디 던질 여유 조차 없이 사는게 참 슬프다.",27,3610,열정호구 
43777,"이해할수없는거 맞지 
저런사람들은 저렇게 남들일 도와주고 호구가되는걸로 자기자신의 존재의의미(?)를 찾으려고 하니까 ㅠㅠ
주인공이 이해못할수도 ㅠㅠ",35,3603,열정호구 
90557,부모는 제발 어느 선 이후로는 부담좀 안 주면 안되나...( 키워주신건 감사하지만 독립이든 자립이든 취직이든 결혼이든 자식이 선택하며 살아갈 수 있게 그냥 놔 뒀음 좋겠다. 그들의 핀단근거는 항상 남의 시선이지 자식의 행복이 아는듯 ㅜㅜ,7,3592,열정호구 
58768,보고 배운게 있으니까.......이해는 간다만 그래도 넌 나빠 조옵쌀,23,3585,열정호구 
87275,"날 걱정해서 욕을하고 막말을 하나?
그냥 자식이 자기기준치에 안맞는다고생각해서 막대하는거 아닌가",9,3583,열정호구 
105164,※주의. 예술가 분들이나 작가 분들은 이 만화를 보실 때 항암제를 준비하세요,1,3564,열정호구 
26476,노동부에 신고각,43,3551,열정호구 
6673,와 저 큰 배 주는게 실화라면 여태까지의 열정호구는 대부분 실화를 바탕으로 그려졌다는거 아니야ㅋㅋㅋㅋㅋㅋㅋㅋㅋㅋㅋㅋㅋㅋㅋㅋ어딘지 알고싶다 저딴 회사,51,3543,열정호구 
50922,힘약하다고 대신조르는여자 걸크러쉬,28,3540,열정호구 
90511,엄마 실망시키지 않겠다는말.. 그란말 없어졌으면 좋겠다 정말로 나는 나의갈길을 갈뿐이고 나의 길이 왜 엄마의 자랑이 되어야하는지... 물론 부모님께 효도하는 방법이 이것뿐이라고 말하면 대답할 만한게 딱히 없지만 개인적으로 엄마의 자랑 아버지의 자랑 이라는 단어들이 점점 사라졌으면 좋겠고 나중 나의 자식들에게 이런걸 되물림 해주고 싶지 않다 ,7,3540,열정호구 
58636,"근데 막상 겪어보면 본인도 모르게 본인이 당한 일과 비슷한 행동을 아랫사람에게 하는 경우가 있음 그 예가 어릴때 맞고 자란 사람이 커서 아이들 교육 시킬때 험하게 손찌검하는 거, 시어머니한테 갈굼 심하게 당한 며느리가 나중에 자기 며느리한테 심하개 대하는거 같은 경우. 물론 안그런 사람도 많지만 대부분이 자기가 당한걸 자기도 모르게 따라하는 경우가 있어요",23,3534,열정호구 
93592,"지난달 이맘때에 사표냈습니다. 부장놈이 저래요. 약자한테 강하고 강자한테 약하고. 2년 가까이 고분고분 지내니 사람을 호구로 알아요. 툭하면 출퇴근 셔틀에 심부름에 사장한테 털리면 그날 욕받이는 제가 했어요. 일은 제대로 하는것도, 아는 것도 없어요. 기업 부장이란 사람이 어떻게 그러냐고 말하는 사람도 있는데 정말 그랬어요. 결국 남은 1년 반 동안 싸우다가 사표내고 나왔는데 지금은 침침했던 눈이 맑아지고 얼굴에 생기가 도네요. 나 나갈 때 갖은 쌍욕하면서 잘되나보자고 뭐라 하던데 오늘도 헤드헌터 연락와서 그래도 요즘은 기분 좋습니다. 저같은 이 땅의 모든 호구 직장인 여러분 힘내세요. 저런 좁쌀같은 새기들도 짜증나고 그런 놈 안 자르는 사장 있으면 과감하게 퇴사할 수 있는, 그렇게 해도 재취업이 쉬운 세상 왔으면 좋겠네요.",5,3518,열정호구 
81922,가 족같은 분위기가아니라 가 ㅈ 같은 분위기,12,3503,열정호구 
37020,작가님.. 주인공 사이다좀 주세요..,40,3501,열정호구 
87482,존중은개뿔ㅎ,9,3483,열정호구 
100986,내이름좀 그만불러,3,3461,열정호구 
41512,아니요 작가님이 손글씨로 써주셨다고 적혀있으니까 조옵쌀이 쓴걸로 되진 않습니다 베댓님~,37,3436,열정호구 
1756,아 속상해ㅠㅠㅜㅠ 여주 기운을 내 제발,55,3429,열정호구 
48450,세상에 부처님이 두명일수가..,30,3426,열정호구 
801,아.. 전에 애니메이션회사에서 수습이라고 3개월 60받은거 생각나네... 왕복 4시간이였는데 차비에 집세에 빚만 늘어가고 상사는 그지같고 결국 3개월 하고 때려쳤는데.. 더러워서 퉤..ㅠ 웨딩드레스샵 일하고파서 갔더니 한달 50도 안주고 주 6일근무 일요일도 나와야할수 있고 쇼있음 12시 넘어서까지 야근을 한달넘게 할수도 있다고.. 그리고 택시비는 알아서 하라는 말에 포기한 곳도 있었는데.. 지방에서 서울가서 그걸로 어찌사냐고..ㅠ 진짜 그지같은 곳은 넘쳐나고 못버티면 요즘애들은 참을성 없다고.. 월급 부족으로 생활비를 카드로 버티니 카드값이 감당안되서 못버티는거예요..ㅠ 진짜 기본 생활은 될정도는 줘야지.. 방값 차비도 안나오는 돈으로.. 빌어먹을..,56,3400,열정호구 
69639,저 얼굴 긴 오이 너무 짜증난다,17,3398,열정호구 
84687,진짜 이만화는 매 회 고구마쳐먹는느낌 주인공이 제발 퇴사하길..,10,3395,열정호구 
88858,"슬프지만 저런 똥통회사가 많다는것입니다..
조옵쌀새ㄲ야 여자도 너같은 쓰레기 만나고싶은생각없어",8,3394,열정호구 
101100,휘발암 드립 나만 지겨운건가,3,3385,열정호구 
13679,발암,49,3379,열정호구 
88772,좁쌀같은 남자는 백트럭을 줘도 싫답니다^^,8,3374,열정호구 
24640,조옵쌀이 아무리 힘들대도 저건 내리갈굼으로밖에 안보인다..자기도 일 제대로 안하면서..;;,45,3350,열정호구 
83593,"편집장이 쓰레기인 이유는 부하를 갈구는 방식의 문제도 있지만,
목표를 달성하기 위해 부하직원을 갈구기'만' 하기 때문..
본인의 아이디어도 없이 그저 닥달만 하는 최악의 상사 (능력은 없는데 부지런한)",11,3349,열정호구 
73079,"혹시 모르시는분들 있으실까봐 적습니다
회사에서 나이많으면 거르고보는 이유중 가장큰건 임금문제입니다
나이가 어리면 터무니없이 싼 임금으로도 자기가 노동의 댓가를 충분히받고있는지 인지하지 못하고 부려먹을수있죠
주로 중소기업에서 이런일이 비일비재하며 부려먹기 쉽고 경험이적어 임금협상을 할줄모르는 청년층에게 우리때는 어땟고 일만 시켜주면 그냥 열심히했다며 침묵하게하기 쉽기때문이죠",15,3346,열정호구 
63607,"저도 저런 경우가 현재상황이라 잘 알고 진짜 이해가됩니다.
참고 참다가 정신병 걸릴정도로 스트레스받기 전에

확실하게 자기주장 내세워서 우물쭈물 거리지 말고 맞서 이야기 한다면 저런 입만 나불거리는 상사는 한마디도 못하고 조용해져요.

저처럼 당하고 사는분이 없길 바라는마음에서 적습니다.
참는게 이기고 무조건 어른을 공경해야 하는 시대는 지났습니다. 사회 초년생 여러분",19,3341,열정호구 
52300,"남들이 나보다 더 힘들다고 내가 안힘든거 아니다
-유병재-",27,3325,열정호구 
101017,"은지씨는은지씨고 저는저입니다.
편집장님",3,3324,열정호구 
23438,"남자여도 저런 남자는 남자라 취급받는 것도 싫다
괜히 나까지 창피하게 만드는 것 같아",46,3321,열정호구 
5567,명절날 모여서 깎아내리고 그러는거 진짜 싫음,52,3318,열정호구 
43649,공부안하면 저 '아줌마' 처럼 됩니다,35,3313,열정호구 
5428,미친ㅋㅋㅋ할머니님께서 영생을 얻으셨습니다ㅋㅋㅋㅋㄲㅋㅋ,52,3280,열정호구 
1598,용기가 없는게 아니라 현실이 너의 용기를 누르고있는거야,55,3276,열정호구 
53908,둘다 상관없다 손👋,26,3268,열정호구 
45399,원래 나쁜놈보다 착한척하는 나쁜놈이 더 무섭단말 진짜 공감된다...,33,3267,열정호구 
32279,저런 가정환경에서 저정도로 곧게 컸다는것 자체가 말이 안될정도..,41,3261,열정호구 
83756,옛날부터 궁금했는데..좁쌀편집장은 입이 없는데 어케 말하는거죠?,11,3248,열정호구 
98199,그놈의 은지은지;;지는 챙겨주지도 않고,4,3238,열정호구 
102742,그림체를 완전히 바꾸는건 오른손잡이가 왼손잡이가 되는것만큼 힘듬니다. 개인차가 있긴하겟지만요.,2,3238,열정호구 
44765,이번화 베댓 뜬금포 생망아 꽃길 걷자는 거 보고 개당황했다 진심 예상도 못 했음......... 독자들 참 가볍네,34,3234,열정호구 
41494,라임 맞출려고 일부러 손글씨 쓴다고 했구만ㅋㅋ,37,3212,열정호구 
88623,"진짜 저래여 구조상 중소기업 일수록 저런 일은 더 심합니다.

특히 이직시에는  좋은 헤어짐은 그냥 없다고 생각하세요 그냥

신경끄고 한번 나오면 선임자들

전화번호는 다 지우고 차단하세요;;; 그나마 마음에 위안이 될

거에여",8,3200,열정호구 
57621,조옵쌀...짜식....너 쫌 멋진 아이였구나???그렇다고 멋있진않아...돌아가 생키야...,24,3164,열정호구 
48402,생망아...생각이 망햇네 ㅠㅠㅠ,30,3154,열정호구 
5500,"아놔....외모 지적질 좀 하지 맙시다...
그리고 아니 취직이나 결혼은 제가 알아서 합니다만?
왜 매번 이야기를 꺼내셔서 제 화를 일깨우시는지....!!!
진짜.....그리고 아가들아..내 물건 가만히 놔둬라.",52,3146,열정호구 
81914,채용공고 적을때 가 족같은... 족같은ㅋㅋㅋㅋㅋㅋㅋ,12,3145,열정호구 
69422,"이거보시는분들 아 세상은 다이래. 이게 현실이야. 이렇게 생각하는것도 좋지만, 나라도 다른사람들한테 잘하고 이런 문화 조금이라도 만들지 맙시다. 세상이 바뀌진 않겠지만 내주변이라도 바꿔야죠.....",17,3137,열정호구 
788,왜 남들에게 잘 보이려고 자기관리를 해야하는 거지요? 자기관리는 내가 내 몸을 방치해두지 않고 오직 나만의 기준으로 관리하는 건데 다른 사람이 관여할 자격은 없다고 생각합니다. 그리고 자기관리 따지려면 남자분들은 메이크업부터 제대로 하고오셈요~,56,3132,열정호구 
60088,아 베댓되기 좋은 타이밍인데 드립이 떠오르지않아...,22,3126,열정호구 
3066,월7800만원을 받는 작가를 어뜨케 데려오게 좁쌀아..ㅋ,53,3082,열정호구 
27366,아닠ㅋㅋ정상인사람들을 왜 차단시켴ㅋㅋ 겁나웃기넼,42,3069,열정호구 
19598,아니 저게 동생이 이른다고해서 부모가 저런 식으로 할 일인가..ㅋㅋㅋㅋ 부모가 답이 없다 진짜... 동생 오냐오냐 키우고.. 에휴.. 저거 보면 아직 우리집은 살만하구나 싶다 ㅋㅋㅋ,47,3064,열정호구 
777,"면접은 ‘붙여주세요!!!’ 하고 가지 마시고 
이야기 해 보다가 안맞겠다 싶으면
할 말 다 하고 나오세요. 

그런 회사 붙어봐야 얼마 못갑니다. ",56,3014,열정호구 
71830,좁쌀 니 인생이 망작이다.,16,3005,열정호구 
60012,아 몰라 다 별로인듯 막상 지 겪으니까 화내고..,22,2993,열정호구 
101025,그럼 은지 왜 보냈냐....이 좁쌀같은 넘아,3,2984,열정호구 
44790,아니 독자들 디 생망이 욕하다가 이제와서 꽃길이래 어이가 없어서 말도 안 나온다,34,2983,열정호구 
49502,"오늘요약:
생망:😇
좁쌀:🖕",29,2972,열정호구 
98209,역대급으로 짜증났던 웹툰,4,2960,열정호구 
2343,아아 ..그렇게 3번째 피해자가 나오게 되고..,54,2944,열정호구 
98395,새 발암캐릭터등장..,4,2943,열정호구 
76093,와..저놈 죽여버릴까...?,14,2924,열정호구 
5347,아니 왜 할머니들은 같은 여자면서 그놈의 손자 타령인지 ;; 여자가 나이가 많으면 가치가 떨어져? 어이가 없다진짜,52,2901,열정호구 
62267,ﾟ+｡*ﾟ.･ ヽ(*´▽｀*)ﾉ ･. ﾟ* ｡+ ﾟﾟ+｡*ﾟ.･ ヽ(*´▽｀*)ﾉ ･. ﾟ* ｡+ ﾟﾟ+｡*ﾟ.･ ヽ(*´▽｀*)ﾉ ･. ﾟ* ｡+ ﾟ사이다사이다사이다사이다사이다사이다사이다사이다사이다사이다사이다사이다사이다사이다사이다사이다사이다사이다사이다사이다사이다사이다사이다사이다사이다사이다사이다사이다사이다사이다사이다사이다사이다사이다사이다사이다사이다사이다사이다사이다사이다사이다사이다사이다사이다사이다사이다사이다사이다사이다사이다사이다사이다사이다사이다사이다사이다사이다사이다사이다사이다사이다사이다사이다사이다사이다사이다사이다사이다사이다사이다사이다사이다사이다사이다사이다사이다사이다사이다사이다사이다사이다사이다사이다사이다사이다사이다사이다사이다사이다ﾟ+｡*ﾟ.･ ヽ(*´▽｀*)ﾉ ･. ﾟ* ｡+ ﾟﾟ+｡*ﾟ.･ ヽ(*´▽｀*)ﾉ ･. ﾟ* ｡+ ﾟﾟ+｡*ﾟ.･ ヽ(*´▽｀*)ﾉ ･. ﾟ* ｡+ ﾟ,20,2894,열정호구 
71546,"현 취준생으로서 미래 취준생들에게 충고 한마디, 신입이라고 봉으로 보이지 말고 제대로 노동법 읽고 취업준비하세요.
동시에 이직률 높은데는 다시 한번 생각해 보세요..  이직률이 높은건 그만한 이유가 있음 ㅋㅋㅋㅋ
그리고 면접보러갈 때 일하고 있는 사람을 잘 보세요... 죽어가는 사람인지 즐겁게 일하는 사람인지 ㅋㅋ...ㄹㅇ...",16,2888,열정호구 
48256,생망씨처럼 착한사람만있으면 조옵쌀 같은사람은자기가 무슨잘못을했는지 절대 모르고 계속 그 행동을 반복하는게 요즘 사회다,30,2872,열정호구 
8365,아진짜...소연아...진상컴퍼니는아니야...진짜진상이야거기..,50,2870,열정호구 
40958,회사에선 단합도못하면서 술쳐먹을때만단합ㅋ,38,2862,열정호구 
2361,아무리 혼자 살겠다고 해도 그렇지 그런식으로 말하면 조옵쌀ㅅㄲ는 더 나아질 가망이 없고 더 악랄해져서 결국 너한테 돌아올텐데 용기낸 소연이보고 한번만 더 생각해보지 안타깝다 생망아,54,2858,열정호구 
44764,3명이 탈주했다고 말하는 소연이 왤케 해맑은뎈ㅋㅋㅋㅋ,34,2852,열정호구 
84709,축하할만하네 ㅋㅋㅋㅋㅋ 진심이느껴진다,10,2825,열정호구 
60953,다른 직원들도 조옵쌀을 싫어했구나..뭐 그런 진상짓을 하니까 싫어하지..,21,2823,열정호구 
67046,아 솔직히 소연이도 열심히 그렸는데 망작이라니.... 내가 볼땐 내용도 안보고 그냥 맘에안들어서 그런거같은데...;;그리고 조옵쌀도 어떻게 자기 밑에서 일하는 사람의 만화가 모두 자기가 마음에 들게하려고 쓸데없는 수정만 하는거임? 괜한 시간낭비임 지가 수정하는데에 시간 끌었으면 그만큼 시간을 늘려줘야지 아니면 시간더 늘려주던가 저정도 열심히 하면 애초에 조옵쌀이 사람이 할수 없을 만큼 많은 양일듯 지가하지도 않았으면서 상사한테 칭찬이나 받고...ㅠㅠ 요즘 현실에 직장이 이정도라면 심각한 문제일듯.. 저 회사 조옵쌀만 없으면 더 크게 될거임ㅇㅇ회사원의 열정이 무척이나 활활 타오른데 조옵쌀이 그걸 꺼지게 하고있지 안씀ㅠㅠ 진짜 조옵쌀은 어쩌면 자기가 편집장이 아니라 대단한 사람인줄 알고있을듯(결론:조옵쌀만 없으면되. 너만 없으면 회사 더 잘 돌아가고 너는 그냥 OOO임ㅇㅇ),18,2821,열정호구 
2261,네이버가 조회수가 얼마건간에 월급은 기본 200은 보장해준다고 들었는데 조회수로 인한 수익이 그 이상이 나면 거기서 추가로 더 주는거고+단행본 판매 수입+캐릭터 미디어믹스 수입 등...,54,2817,열정호구 
71991,좁쌀 누가 귀엽다고 했어  나와,16,2814,열정호구 
32089,하.. 정말 소연이 부모님은.. 너무 답이 없고 전형적인 가해자 스타일인데 부모 역할 하고 있으니까 그게 더 나쁜 방향으로 소연이에게 영향을 미친 것 같다.. 학교 폭력 같은 걸 당해서 가해자한테 저 말 듣더라도 정말 화날 텐데.. 내 편이 되어줬음 하는 부모가 저렇게 나오니.. 나 같으면 정말 집 나가고 싶을 것 같다.. 소연이가 보살이야 정말 ㅠㅠㅠ 나 같았으면 성인 돼서 독립할 여유 생기자마자 바로 짐 싸고 뛰쳐 나갔을 것 같은데.. 부모의 역할에 대한 책임이 없는 건가..? 자기가 한 말이 부모로서 한 아이에게 어떻게 다가왔을지에 대한 생각이 없는 건가..? 그런 걸 생각해 낼 생각조차 안 하는 것 같다.. 좁쌀이도 충분히 고구마였는데.. 가족까지 저러면.. 으허.. 정말 소연이는 어디서 위안을 얻어야 하나,41,2806,열정호구 
62066,말풍선 너그리고나ㅋㅋㅋㅋ,20,2806,열정호구 
26254,계약직 전원탈락컷에서 TT표정으로 나오네ㅋㅋㅋㅋㅋㅋㅋㅋㅋㅋ,43,2784,열정호구 
49727,솔직히 이번에 여주가 말할때 좀 사이다였다,29,2777,열정호구 
6656,보통은 작품은 작가를 닮는다고 이런거 그리는 작가님 직장 생활은 어떠셨을지 궁금했는데 작가의 말 읽고 확고해졌어요. 이 만화는 작가님 경험담이라는걸,51,2755,열정호구 
84598,정말 사회가 저런가요? 초딩인데 사회나가기 무섭네요,10,2749,열정호구 
27365,자신에게 좋은말만 해주는 사람만 두는 사람은 어리석은 인간입니다. 조금 언짢더라도 객관적으로 판단하고 용기내서 충고해주는 친구가 장기간으로 두고 봤을때 비교도 안되게 좋은 사람이라는것을 명심하세요.,42,2746,열정호구 
57662,지금은 왜그런거야...,24,2746,열정호구 
46566,젠장 배뎃을 이길 드립이 생가나지않아...,32,2743,열정호구 
57608,으 편집장ㅅㄲ..완전 드러워,24,2731,열정호구 
69445,"아직 학생인데
나중에 커서 저런 상사 만나게 될까봐 너무 두렵다",17,2730,열정호구 
13666,엄마극혐,49,2729,열정호구 
105877,베도에 있었던 게 드디어 올라왔군,1,2698,열정호구 
35952,만화가 비현실적인건 별수없다지만 주인공이 마음둘곳은 잇어야지 저게뭐냐 집에서도 저러고 회사도저런데 어찌삼,40,2694,열정호구 
56223,현실적이라 맘아프다,25,2694,열정호구 
67044,진짜 볼 때마다 너무 빡치는데 저게 미래의 내 얘기가 될까봐 너무 무섭다ㅠㅠ,18,2688,열정호구 
52158,"전 할 일만하고 6시 땡 퇴근하는 회사 다닙니다.
월급도 대기업보다 더 많이 받구요.
친구들한테 회사가 너무 좋다고 하면
믿질 않습니다.
이런 세상입니다.
여러분도 안 믿지 않나요?",27,2681,열정호구 
19496,"내가볼땐 동생보다 부모님이 더 문제같은데;
동생은 이 편에서 못된짓한거 꼰지른거밖에 없는데 부모님은 소연이를 너무 잡고사심.. 애가 칭찬받아서 좋다는데 저런식으로 말하면 으 집 나가고싶을듯; 글고 학생이여도 조금 꾸미고 그럴 수도 있는거지 얼마나 갈궜으면 화장은 대학가서 해야지 이말이 저렇게 바로 나올까... 그냥 가족 모두가 소연이를 싫어하는것처럼 보이고... 소연아 너희가족은ㄴ 답이없어 도망가.",47,2679,열정호구 
98132,니가 작가하세요 ㅋ,4,2674,열정호구 
91706,"편집장. 당신이 없으면 매번 이런 일이 일어난다고? 당신이 거기서 뭘 했는데? 작가들한테 계속 명령만 하고, 인격모독도 서슴치 않은 당신은 무슨 일류 작가 선생님이라도 되? 당신이 부리는 작가는 문하생이라 불러도 되겠나? 스토리도 구체적으로 짤 능력이 안되서 작가들한테 매달리지도 못하는 주제에 어따 대고 잘난척을 하는 건가? 그리고, 은지 씨보다 부족한 걸 알면 스스로 노력하라고? 요즘은 다들 남보다 좀 뒤쳐진다 싶으면 무조건 노력이 부족하다고 여기는데, 당신은 얼마나 노력했나? 요즘 나오는 만화들은 펼쳐봤나? 작가들 월급은 얼마나 줄지 생각해 봤나? 작가들이 어떠한 가능성이 있고, 또 어떤 문제를 어떤 방식으로 해결해 나가야 할지 단 한 번이라도 고민해 보았나? 그렇게 계속 노력해도 어딘가 하나라도 잘못 보여서 독자들한테 외면당하면 곧바로 실패할 수 있는 게 만화다. 노력만으로는 안 되는 게 있다는 걸 인정해라.",6,2666,열정호구 
63927,"초롱=사이다
좁쌀=고구마 본체",19,2654,열정호구 
26492,이거 더이상못보겠다 진짜 암걸릴거같아,43,2651,열정호구 
66859,"아니 얘들아 암걸리는 맛에 보는거 아니냐
너희들은 이미 이 MSG맛에 빠져 들어 부렀어
같이 욕하면서 보자 개재밌네",18,2615,열정호구 
76097,발암,14,2615,열정호구 
81912,언제쯤 사이다가 나오는걸까?,12,2614,열정호구 
1768,진짜 제목이랑 똑같다....열정호구,55,2603,열정호구 
93617,열심히 일하지 마세요 열심히 몸이 부셔져라 일해도 아무도 몰라주더라고요.....,5,2589,열정호구 
84439,하..임총씨 작가한지 두달 다되어가지 않나요?  그런데 만화그리는데 5분이나걸리다니 이래서 그림체는 언제 바꾸겠어요?,10,2580,열정호구 
62077,좁쌀 허세만 부리고 능력은 없는 전형적인 찌질이ㅋㅋㅋㅋ 초롱이가 엿 먹여줘서 완전 사이다다,20,2579,열정호구 
73289,나이 많은 사람 거르는 이유는 아는게 많기 때문임. 사회생활 경험도 있고 부당한걸 네네 하면서 받아들이지 않기 때문에 지가 컨트롤하기 힘들어서 그럼. 싼 값에 암것도 모르는 어린애들 불러다가 착취하려는게 목표,15,2577,열정호구 
32149,이가 마지막화에든 뭐든 사이다 있죠? 있어야해요 제발,41,2562,열정호구 
25480,진짜 자기적성에맞는 직업을골라야 하는군요. ,44,2559,열정호구 
58761,역시 사회가 사람을 만드네,23,2555,열정호구 
42529,니가 연습하라매 이 좁살시끼야,36,2536,열정호구 
59606,제일 좋은 것은.. 차장을 통해서 조금이라도 편하게 직장생활은 1년 이상한후 .. 겁나 많이 일한 포트폴리오 를 가지고 ..다른곳을 가는겁니다. 무조건 나가는 것도... 괜찮은데 발빼기 힘든 상황이라면..... 대신 경력을  꼭 잘 만들어야합니다. 능력이 안되는 그래도 주인공은 전문직이니... 포트폴리오만 잘만들면 가능합니다 .... 대신 절대 오래다니면 안됩니다 저런회사.. 가능하면 바로나오고요 ...  안되면 차장 차장을 이용하세요,22,2524,열정호구 
98049,이거 작가님 얘기죠?,4,2522,열정호구 
91777,저 편집장 코 꺾어버리고 싶게 길다..고드름인가요,6,2513,열정호구 
102911,먼가 내스타일 만화다!!,2,2507,열정호구 
961,이곳은 헬조선입니다,56,2501,열정호구 
49711,와 진짜 볼빨간조옵쌀 뭐냐;; 볼빨간사춘기한테 사과하자 옵쌀아,29,2493,열정호구 
41006,아아아아아....차장님 너도 발암이야...,38,2487,열정호구 
13724,엄마 진짜 발암.....ㅎ,49,2481,열정호구 
53954,참 입장의 차이가 드러나는 구나..좁쌀은 오랫동안 백수로 있다가 간신히 지인통해 얻은 자리를 지키기 위해 애쓰지만(자기딴에는) 문제는 자기분야가 아닌 곳에 있다보니 밑의 작가들의 사정을 모르고 혹사시키는 캐가 되네.,26,2470,열정호구 
770,몸무게 56kg이면 오히려 마른거 아닌가...?,56,2464,열정호구 
91932,저런회사에 남아있는건 1분1초가 아깝다. 만화라서 빨리 퇴사하면 해결된다고 생각하지만 현실에서는 퇴사 결심을 하는데 까지도 너무 힘들고 주변 여러 상황이나 시선때문에도 그만두기기 힘들다는게 너무 슬프다. ,6,2462,열정호구 
46310,"솔직히 좁쌀 실제캐릭터 어딘가에 존재할거같음.
이건 실제경험이 아니면 나오지 않는 생생한스토리임.",32,2456,열정호구 
48221,이거보니 공감툰생각남 공감도 욕먹어도 조회수만 올리면 광고로돈벌고 공감툰 망하게하려면 아에 들어가지마삼 무관심이 가장무서운거임,30,2452,열정호구 
83455,"진심으로 답답하다 저런시대가 지나가야하는게 언재인대 언재까지 저러고 버텨야하는 젊은이들이 고통받아야하나 저문제때문에 부모님이랑도 싸우고 잘못된건 고쳐야 한다니깐
부모님은 남들다 그렇게 사는대 너만그렇게안산다고 나만 이상한놈 취급한다",11,2449,열정호구 
45397,생망이 여주잘된거보고 질투??느끼는거같음,33,2447,열정호구 
8344,와..진심 후원금 개사기 아님?!?!?,50,2436,열정호구 
16207,ㅈ..제발 사이다좀 주세요,48,2424,열정호구 
3322,"작가님 사이다 좀,, ",53,2412,열정호구 
88931,솔직히 직장인들은 직업여하막론하고 꿈은 하나야 로또1등당첨... 정말 로또맞고 회사 좀 편하게 다니고 싶다... 이번달도 마이너스네...평생 그만둘수도없어.........,8,2411,열정호구 
1628,소연이 캐릭터 답게 조곤조곤한 독백이 독자로 하여금 자연스레 이입하게 하네요.. 소연이 마음 아파하는 모습 보면 저도 힘들어요..ㅠㅠ,55,2409,열정호구 
25590,춤쪽으로 나가면 진상컴퍼니 직원들 뿐만아니라 대중들도 저걸 봐야되는건데요 ......,44,2409,열정호구 
57615,와 진짜 처음으로 좁쌀이가 사이다네...,24,2408,열정호구 
44979,생망씨 잘됐으먄 좋겠다ㅠㅠ,34,2407,열정호구 
88808,조옵쌀편집장아 한트럭갖다준데도 안만난다고? 미정이든 누구든 니 만나기싫어해,8,2404,열정호구 
71953,좁쌀 새x끼갘ㅋㅋㅋ우리 조석작가님을 싸이코 만드넼ㅋㅋㅋㅋㅋ,16,2394,열정호구 
24646,결론 : 사장부터 자르자,45,2388,열정호구 
13704,아 미친,49,2384,열정호구 
63380,저놈 아주 일은 내팽겨 치고 야한거 보고있어,19,2384,열정호구 
19586,"하여간 자기 못다이룬 꿈에 미련갖고, 자기 자식들한테 강요하고 성공에 집착하는 극성맘들 짜증나 죽겠다. ㅋㅋㅋㅋㅋㅋ",47,2376,열정호구 
72939,ㅎㅎ사회경험없는 어린애들 열정페이주고 호구만드는거지,15,2376,열정호구 
81915,회사 이름이 진상컴퍼진이네요 딱 진상입니다,12,2361,열정호구 
19393,"이 만화보면서 진짜 울컥하네요.
진로 결정은 자기가 하는 거 아닙니까? 
선생님은 제가 잘하는 것, 제가 좋아하는 거 생각하시고 
조언해주시는겁니다. 
 자기들 마음에 안드는 직업이나 성에 안차는 말하면
부모님들 다 ""그 선생이 뭘 안다고""  그러시는데. 
그러는 부모님들께 되묻고 싶네요.
""선생님보다 직업에 대해 더 잘 아십니까?
아이들 진로를 위해서 공부하시고 
열심히 조언해주시는 진로 선생님이 
쓸모없는 얘기를 할 거라고 생각하시나요?""",47,2356,열정호구 
81934,ㄹㅇ 여주 개불쌍함... 좁쌀 개때리고싶다,12,2350,열정호구 
90575,진짜 적은 내부에 있다고 했더니 좁쌀보다 더 큰 강적이 있었어..,7,2350,열정호구 
41725,이게 대한민국이다.,37,2345,열정호구 
6804,명절 보너스 주고 도로 걷어간 첫 회사.....,51,2343,열정호구 
46464,님아 니가 고친게 더 재미 없단다,32,2337,열정호구 
24570,소연이 그와중에 부모님 걱정하네.. 그렇게 상처받아놓고,45,2328,열정호구 
62097,"버디로서 겁나행복했다ㅋㅋ  작가님 짱! 
여치니들짱!💚💜💙💖💜💖💚💙💜💖",20,2326,열정호구 
52285,진짜 공감.. 내가 힘든거털어놓으면 자기가 더 힘들다면서 내가 힘든건 아무것도 아니게 됌,27,2323,열정호구 
16214,와ㄹㅇ 자살안한게ㅈ대단하넼ㅋㅋㅋㅋㅋ,48,2319,열정호구 
42453,왜 혼자판단해요?에서 멍때림ㅁㅊ,36,2304,열정호구 
69602,아 짜증..... 추가수당이라도 주던가,17,2304,열정호구 
72870,이만화내용 설마 저렇겠어 싶고 구라같겠지만 90퍼는 진짜임 이런데 존나많음ㅋㅋㅋ,15,2285,열정호구 
60022,어우 진짜 저러는 것도 싫은 이유 좀,22,2284,열정호구 
5481,제 걱정은 유료입니다 결제후 이용해주시죠^^,52,2274,열정호구 
60912,미끼를 콱 물어버린 것이여,21,2268,열정호구 
24279,"있잖아..부모님 생각말고 니생각을해...
그딴집안에 왜 실망시키는걸 걱정하는건데..",45,2245,열정호구 
40948,단합을 할거면 돈을주세요,38,2234,열정호구 
62073,ㅋㅋㅋㅋㅋㅋㅋㅋㅋㅋㅋㅋㅋㅋㅋㅋㅋㅋㅋㅋㅋㅋㅋㅋㅋㅋㅋㅋㅋㅋㅋㅋㅋㅋㅋㅋㅋㅋㅋㅋㅋㅋㅋㅋㅋㅋㅋㅋㅋㅋㅋㅋㅋㅋㅋㅋㅋㅋㅋㅋㅋㅋㅋㅋㅋㅋㅋㅋㅋㅋㅋㅋㅋㅋㅋㅋㅋㅋㅋㅋㅋㅋㅋㅋㅋㅋㅋㅋㅋㅋㅋㅋㅋㅋㅋㅋㅋㅋㅋㅋ 이번편 사이다를 부탁해에 넣어도될듯ㅋㅋㅋㅋㅋㅋ,20,2218,열정호구 
43784,소연이가 생망한테 너호구라고 말하면 존웃각인데,35,2213,열정호구 
90558,"저럴때 얼마나 부담스러운데..엄마가 기말고사 ""울딸 잘할수 있을거야"" 라는 말이랑 비슷비슷 함 자기는 하기 싫은데 엄마는 기대하고..저거 진심 부담스러운데",7,2200,열정호구 
16095,최근 웹툰들 보면 조금만 내용 빡세도 사이다 달라고 아우성치는 댓글이 많은데 이런 장르의 웹툰에서는 어색하게 사이다 들어가느니 저는 지금처럼 현실을 리얼하게 묘사하는 전개가 더 좋네요. 솔직히 요즘 댓글들 참을성이 없는건지 사이다 중독인지 좀 심한 것 같아요.,48,2195,열정호구 
47554,조옵쌀도 누군가에겐 소중한사람이겠지이거 왜이래 와닿냐,31,2195,열정호구 
39131,좁쌀 노래방에서부르면 극혐인노래만 골라서했네 ㅋㅋㅋ,39,2193,열정호구 
25446,아니 조옵쌀 분명히 예린 포지션에서 시작했다가 신비포지션으로 가냐고 ㅋㅋㅋ센터가려고 안달났구만,44,2189,열정호구 
90617,"딸 마음도 모르고,,",7,2189,열정호구 
8052,모든화에서 작가님이 의도하시는 대로 감정을 느끼게 그리시는게 정말 대단함;;;; 항상 무음모드인데 부들대며 보고있습니다 ㅂㄷㅂㄷ...,50,2184,열정호구 
60933,저 여자도 암걸린다..,21,2162,열정호구 
25254,"이 웹툰과 비슷한 환경의 회사에 다니다가
지난주 목요일 퇴사했습니다.
회사에 다닐땐 사이다로 봤었는데
퇴사하고 보니깐 더 재밌네요ㅋㅋ

이 뤱툰 보고 공감하시는 모든 직장인분들
얼릉 퇴사하시고 좋은 곳으로 가십쇼!

전 9월 1일 다른 회사 입사입니다.",44,2154,열정호구 
26325,생망: 죽은척이니까 가만히계세요,43,2152,열정호구 
56008,이 이야기는 픽션으로 인물 사건 단체와는 아무런 관련이 없으나 철저히 현실을 바탕으로 만들어 졌네요.. 아무리 부당한 일을 받음에도 밥그릇 걱정에 나서지도 못하고 섣불리 나섰다간 찍히고 막컷 조옵쌀 처럼 되버리는.. 이게 현실이라 더 개탄스럽네요..,25,2149,열정호구 
19387,동생 색히 진짜 답 없다 부모도 그렇고 어떻게 저 가정에서 평범하게 자랄 수 있었나 했더니 친구들이 있어서 그렇구나,47,2143,열정호구 
90628,저런게 내 선택을 후회하게 만든다고,7,2141,열정호구 
69640,여러분 이게현실입니다 (눈물,17,2138,열정호구 
27364,내 직장에는 여자 조옵쌀있는데ㅋㅋㅋㅋㅋㅋㅋㅋㅋ 세상이 본인 중심으로 돌아가야 직성이 풀림 하 노답ㅋㅋㅋㅋㅋ인간아래 인간있는 사람임,42,2129,열정호구 
45323,여주많이컸다. 저런 돌발질문 눈치까고..그만큼 많이 벌써 사회의 쓴물을 마신거지. 나도 보고서 상사한테 칭찬받은적이 있는데 오히려 날림이었고 근거 자료도 부족했다. 이유는 상사의 의견을 옹호하는거였지..,33,2128,열정호구 
60931,관리자 다 똑같아. 믿지 마,21,2112,열정호구 
102756,50번하다가 죽을듯,2,2100,열정호구 
47558,진짜 주인공 생각하는게ㅜ 사람 목숨이 소중하다는건 맞지만 싫어하는사람한테까지도 그러기가 쉽지않은데,31,2096,열정호구 
49581,패드립을 ............. 저 미×놈,29,2094,열정호구 
52404,진심....고민얘기하는데 내가 더힘들어 하는애들이 젤 싫음ㅋㅋㅋㅋㅋㅋ 지만 힘든줄 알아,27,2085,열정호구 
81918,저거 진짜 갈아 벌레에게줘도 시원치않을쉐키 저놈 매달아서 돌을 던져라 외치고싶을정도다,12,2073,열정호구 
41467,다잉메시지다..!! 아 현웃ㅋㅋㅋㅋㅋㅋㅋㅋㅋㅋㅋㅋㅋ오지마죽엌ㅋㅋㅋㅋㅋㅋㅋ,37,2058,열정호구 
50926,"마지막 컷으로 정화가 됬어
조옵쌀 아주 지구에서 꺼져버려라 퉷!",28,2040,열정호구 
43740,이런 우리나라 현실 너무 잔혹하다,35,2035,열정호구 
73167,"진짜 저러는듯.. 제가 다니던 곳도 어린연령대 여자들만 뽑더라구요. 차후에 올사람들 자리에..
아직 뭘잘모르고 연봉협상하기도 쉽고 불합리하게 대해도 뭐라 잘 반박 못하니까 연령대 어리고 잘 모르는 여자들 많이 뽑아요. 20대 초반이신분들 취직하실때 꼭 유의 하시길ㅜㅜ!!!",15,2018,열정호구 
93745,"한달전에 겨우 취업했는데 안맞아서 나갈려는데 딱 위에 멘트, 00씨 여기만한 회사 없어 잘생각해봐.  ㅠㅠ 진짜 참고다닌다는 생각으로 주인공처럼 다니고 있네요",5,2018,열정호구 
90380,공감됩니다ㅠㅠ 첫직장 상사가 너무 힘들게 해서 관두고 싶은데 부모님께 죄송해서 힘들어도 괜찮은척 하면서 다니다 죽을것 같아서 솔직히 말하고 관두후 다시 공부하고 있는데 항상 부모님께 죄송한 마음입니다ㅠㅠㅠ,7,2002,열정호구 
63448,탈탈탈..???,19,2001,열정호구 
58738,우리사회의 단면을 여실없이 보여주는것 같아 너무 슬프다..처음엔 각자의 분야에서 정의감과 열정에 가득차 시작하지만 현실의 벽에 부딪혀서 점점 진짜 나를 잃어 버리는 모습이ㅜㅜ,23,2000,열정호구 
92461,아니 근데 저런회사에서 어떻게 일하세요. 아무리 참아야하는게 있다고해도요. 부모님께 감사하는 마음을 가집니다. 그리고 모든 작가님들께도요.,6,1988,열정호구 
42447,"저게 정말로 웹툰에서만 일어난다고 생각하시죠?? ㅋㅋ 여기 50%이상이 저런거 겪으실예정입니다. 정규직은 안뽑고 뽑아봤자 계약직 ,인턴. 계약직 인턴한테 일하는거 정규직들이 자기 일까지 떠넘깁니다. 게다가 끝나고도 정규직 채용안시켜줍니다. 가산점조차 안주는곳도많아요.",36,1973,열정호구 
84629,악의 구렁텅이 ㅋㅋㅋㅋㅋㅋ 팩폭,10,1970,열정호구 
26497,"등산은 왜 시켜 계약직 쩌피 퀴즈니뭐니
암것도 못하는데 ㅡㅅ ㅡ",43,1967,열정호구 
72080,저렇게 자기만 생각하니까 이나라도 회사도 제대로 안돌아가는 거야,16,1963,열정호구 
64083,초롱이 사이다,19,1951,열정호구 
62104,ㅋㅋㅋㅋㅋㅋ너 그리고 나 가샄ㅋㅋㅋㅋ 버디는 여치니들 노래가사 나와서 좋아하며 갑니다,20,1949,열정호구 
39096,진심 노매너...,39,1936,열정호구 
26494,이런 회사가 현실에 진짜 있다는 게 더 소름,43,1920,열정호구 
3393,소정의 선물ㅋㅋㅋㅋ장난하낰ㅋㅋㅋㅋㅋㅋ,53,1913,열정호구 
84583,분량도 퇴사한거 같은데?,10,1909,열정호구 
2296,또한명 저렇게 직업을 빌미로 시궁창으로 끌려들어가는구나... 그리고 생망씨 사회생활 잘하고싶은건 알겠지만 그르지마요. 아닌건 아니라고 합시다 쫌. 동료 ㅂㅅ만들지 말구요.,54,1901,열정호구 
64047,좁쌀아 왜사니?,19,1895,열정호구 
81952,ㅉ...짧아보이는건 기분탓....?,12,1895,열정호구 
102759,징징이 닮았네;,2,1895,열정호구 
60779,우리 옵쌀이랰ㅋㅋㅋㅋㅋㅋㅋㅋ 물먹고있는데 핸드폰에 품을뻔ㅋㅋㅋㅋㅋㅋㅋㅋㅋㅋㅋㅋㅋㅋㅋㅋㅋㅋㅋㅋㅋㅋㅋㅋㅋㅋㅋㅋㅋㅋㅋㅋㅋㅋㅋㅋㅋㅋㅋㅋㅋ,21,1893,열정호구 
50384,웨딩피치 명대사 ㅋㅋ사랑의 멋짐을 모르는 당신이 불쌍해요! 에서 뿜음ㅋㅋㅋㅋㅋㅋㅋㅋㅋㅋ,28,1890,열정호구 
52463,학교생활부터가 노예생활시작이야..,27,1890,열정호구 
6630,저도 배 받았어요. 그 다음 해엔 문화상품권 5만원... 때려쳤다.. ㅡㅡ^,51,1877,열정호구 
69524,힘냐세요...전국의 계약직분들...화이팅..!!,17,1876,열정호구 
25585,와 나 10점 처음 봤음,44,1874,열정호구 
83460,저사람은 악의 근원이라할때 사이다~~~!!!!,11,1868,열정호구 
48189,여러분 절대 이러지 마세요.... 젊고 아무것도 모를때 순진하게 당하는게 이런식이에요 ㅠㅠㅠ,30,1863,열정호구 
40973,"아니 대체 지들끼리 노는데 왜 우리 앉혀놓냐고...

우리가 난이냐???",38,1846,열정호구 
60956,그래듀 조옵쌀 겁나 깨소금이여서 앗흥! 했닼ㅋㅋ,21,1840,열정호구 
93762,내가 이러려고 입사했나,5,1833,열정호구 
41409,와.. 자기자신한테 하고싶은말이자 듣고싶은말썼구나 하고 뭉클했는데 배댓보고 알아차렸네 내감동물어내 ㅋㅋㅋ,37,1831,열정호구 
43733,생망씨도 먹고살아야되니까 어쩔수 없이 아프면서까지 밤늦게 일하는거 안쓰럽네요...ㅠㅠ,35,1823,열정호구 
6781,와ㅏ 진짜 이건 보면 볼수록 고구마먹는기분인데 너무답답해서 짜릿해 이맛에보는거지,51,1821,열정호구 
58648,조오오옵쌀 예전에는 좋았네 정을 약간 주겠어,23,1817,열정호구 
2242,생망이 같은 인간들 때문에 서로 가격 후려치기 하다가 단가 훅 낮아짐 지금 디자인 업계 종사중인데 그런 인간들 때문에 죽을 것 같음.,54,1808,열정호구 
52450,작가님 왜 내인생 그려놨음?,27,1808,열정호구 
84710,저럴만도 하지...,10,1808,열정호구 
93621,저런 놈들 때문에 이 대한민국이 헬조선이라는 말을 듣는 겁니다.자기 보다 계급 낮다고 갑질 하고 나대고 지금 대한민국 상황을 그대로 담고 있는거죠.  최순실이나 박근혜 같은  사건이일어나죠. 근데 그것 보다 더 어이없는건 새누리당 지지율이 40퍼가 넘는다는점... 국민들도 어이가 없죠.,5,1806,열정호구 
57665,와개사이다?,24,1799,열정호구 
47526,계약직도 정규직처럼 대우받기 위해 투표합시다,31,1791,열정호구 
58637,조옵쌀 얼굴이 짧아지니깐 잘생겨짐,23,1787,열정호구 
43589,첫번째베댓보고 잠깐 멈칫했다... 난 등록금뿐만아니라 생계와 부모 병원비까지 책임지며 살고있는데 왜 동생 등록금을 생망이가해야되냐는 한줄이 첫번째베댓이라는게.. 많은사람들이 이렇게 생활할수밖에 없는걸 이해하지 못하는걸까..,35,1784,열정호구 
43741,생망이 나중에쓰러질듯...,35,1784,열정호구 
2858,"ㅈㄴ 레진코믹스인데 완전ㅋㅋㅋㅋㄱ
ㅋ
ㄱㄱ
ㄱ
ㄱ
ㄱ
갑자기 연재 종료시키고( 레진이 당장 내일부터 연재ㅈ시작하는 웹소설들도 있고 한창 연재중이 작품작가들한테 당장 내일 완결 내라 이런식으로 한적있음)
그래서 트위터에서 많은 웹소설 작가가 보이콧시작해서
연재 중단하심

돈은 많이 못주지만 선물ㅋㅋㅋㅋ(레진이 어떤 작가분이랑 계약할때 지금은 우리가 이거밖에 못주지만 같이 레진을 키워나가자 식으로 말한적있음ㅋㅋㅋㄱㅋ)",53,1782,열정호구 
764,"응 돈 필요해
가족한테 용돈도 줘야 하고
내 먹을거리도 사야되고
내 집도 집세 줘야하고
회식할때 돈 써야 하고
사람들한테 돈도 빌려줘야 하고
나는 내 사촌한테까지 돈 줘야하고
얼마나 힘든 줄 알아?
한달에 엄빠한테 100만원 주고..
 엄청 열심히 일해도 모자랄 판이야
하...존나 욕하고 싶다
회사원들 내일도 출근한다
사장부장과장님들....반성좀 하세요
돈만 좋아하지 말고",56,1771,열정호구 
786,조까튼 새끼들 어린 사회초년생들 등쳐먹지 마라...,56,1769,열정호구 
45482,우리사회를 잘 들여다 보여주는 작품. 스토리도 무겁지 않고 경쾌함. 굿굿,33,1767,열정호구 
60057,저 여자가 정상으로 보임.,22,1745,열정호구 
8346,쳐 웃지마 니 얘기얔ㅋㅋㅋ 뭔뎈ㅋㅋㅋ,50,1739,열정호구 
56238,좁쌀 이해하기 싫은데 저게 실화인건 ㅇㅈ,25,1737,열정호구 
60639,5개월29일 일하고 새 계약직오면 6개월 미뤄진다는 소리아니냐??,21,1716,열정호구 
42717,어디라도 취업하겠다고 1년 계약직이고 뭐고 붙길 간절하게 바라고 또 다음 직장을 고민하며 생활하는 현실이 너무 슬프네요ㅠㅠ ,36,1712,열정호구 
1536,"오늘 직원들끼리 야근하던 도중 얘기가 나와서 단체로 태업을 진행하려다 포기했습니다. 반대를 얘기한 사람 중에 제 자신이 있다는 게 너무 부끄럽더군요. 회사 사정이란 이유로 돈도 나오지 않는 무리한 야근이 계속되고, 다들 근로의욕도 떨어지는 건 알고 있습니다. 때론 무의미하게 혹은 무리하게 남아서 효율만 떨어뜨리는 야근이 옳지 않은 것도 알고요. 그러나 누군가에겐, 특히 저에겐 잘리면 안 되는 직장이라 조용히 반대를 말할 수 밖에 없었고, 다른 직원들도 이해와 공감은 했지만 내가 배신자 혹은 다른 직원들의 발목을 잡는 존재가 되었다는 생각에 씁쓸함이 가시지 않습니다... 그러네요. 저도 열정호구에요.",55,1705,열정호구 
50939,"소연씨 안돼요!
소연씨 힘은 너무 약해요!",28,1691,열정호구 
83875,아오;;;; 열심히 했더니;; 정규직 전환이 안된다고?ㅋ,11,1680,열정호구 
53868,왜죠...ㅋㅋㅋ 고구마내용인데... 읽으면서 답답하고 짜증나고 화나고 열받고 그런데 다보고 좁쌀 욕하면서 뭔가... 카타르시스를 느낍니다 담주에는 더 답답한 내용이 나오길 바라는데 제가 변태인가옄ㅋㅋㅋㅋㅋ,26,1662,열정호구 
55135,"ㅇ리 아버지도 저런식으로 용기있게 나섰다가
주변사람들이 하도 무시하고 욕해서 결국 자살하셨습니다.
죽기전에 아버진 항상 그랬습니다. 도와준 사람도 무시하고 가족 조차 내편이 못돼준다고.
그렇게 고독하게 술만마시다가 돌아가셨습니다.
나라도 아빠편을 들어줬어야 했는데...당시엔 그렇게 하지 못했습니다.
몇년이 지난 지금도 그게 한이됩니다.
전 그래서 가해자들 보다 방관자들이 더나쁘다고 생각합니다. 가해자가 원초적 잘못을 했을진 몰라도 유리 아빠를 죽인건 방관자들이라고 생각해요.
그들이 도와줬더라면 아니 적어도 무시하지 않고 지지라도 해줬다면 진짜 나쁜자들이 벌받고 용기있는자들이 살았을거라 생각합니다.
원래 아빠얘기 친구한테도 잘안하는데 웹툰내용이 너무 겹쳐서 생판 모르는 사람들에게 글남기네요.",25,1639,열정호구 
40990,단합? 생망씨랑 소연씨는 단합잘되고 있으니까 제발 내버려둬,38,1634,열정호구 
26504,생망이....생을 마감...,43,1624,열정호구 
6623,"친구가 힐링이라고 추천했는데 밤새 정주행하면서 분노가 쌓여 가위에 눌리고 악몽을 꿨습니다 왜냐면 너무너무 공감이 되는 거지같은 현실이라서요 ㅡㅡ 정말 말도안되는 일이 ... 다들 그렇다는 이유로 공공연히 일어나고.. 다 부셔부리고싶어요 ㅠㅠ 엉엉
ㅡ도망나온 27살 백수",51,1622,열정호구 
48391,내가 택배 상하차 하던 사람인데 저기보단 1억배 나음.,30,1620,열정호구 
58677,좁쌀이가 괜찮은 사람일때도 있었구나...하지만 지금의 넌 고구마지.,23,1618,열정호구 
42372,안녕하세요. ☆호구입니다. 매번 눈팅만하다가 처음으로 댓글올려요. 저는 인턴6개월후 정규직전환이였는데 인턴6개월동안 80만원받고생활햇습니다. 6개월동안 보험비.학자금.휴대폰비.교통비 빼고나면 정말남는게 없이생활하고 월급날짜는 제멋대로고 까먹어서 안넣엇다그러고   자기 돈들어올계약들은 절대안까먹으면서.. 그후 3년간 그직장에서 일햇는데 3년차에 받은월급이 150이엿습니다. 열정호구보며 예전에 내모습을보는거같아서 눈물이납니다.. 작가님..조옵쌀편집장...진짜 전직장상사와 너무닮아잇는모습에 소름끼치네요ㅠㅠㅠ  늘응원합니다 작가님!!!화이팅,36,1614,열정호구 
2263,이제 사이다 주라는 얘들도 좁쌀만큼 극혐이다 이거 현실성 하나는 최고야 니들 미래일수도있는데... 니들 회사들어가고 상사가 저러면 바로 때려쳐라 사이다처럼,54,1612,열정호구 
8022,사이다가 필요하다 이말만 하면 몰라 왜 이웹툰 안본다고 협박함? 솔직히 사이다 주는것도 작가님맘이지 그리고 이웹툰 주제 자체가 회사의 부조리랑 가정환경이 암인거 이런거지 무슨 사이다만 원한다니 안본다고협박하는거니 이런말만 쳐해 글케보기싫으면 걍 딴데로가 굳이댓글로얘기하지말고 제발,50,1607,열정호구 
46390,어휴 베댓님 그런밥 드시지마세요 지지,32,1607,열정호구 
745,몸무게는 왜 물어보는건지 도통 이해가 안 되네 ㅡㅡ,56,1605,열정호구 
53598,그사람의 진짜 본성은 권력을 그에게 줘본다면알수있다는 유명한 말이 있죠,26,1605,열정호구 
41468,오지마 죽어라는 저뜻 이해 못하고 있다가 지금알았네욬ㅋㅋ,37,1583,열정호구 
84490,ㄱㅋㅋㅋㅋㄱㅋ이딴회사랰ㅋㅋㅋㅋ 저도이딴회사6개월버티고나갈랍니더,10,1571,열정호구 
27415,솔직히 화요웹툰 중에서는 이게 제일 재밌다,42,1568,열정호구 
5427,지금 배먹고있는데 마지막에 배나오니까 되게 반갑다,52,1559,열정호구 
38893,Tears 안 부른게 어디냐;;;,39,1555,열정호구 
3323,조옵살 진짜 내일 개학같은 새끼,53,1554,열정호구 
26276,"계약직도 아닌 파견직으로 일할때, 워크샵 가서 억지로 하하호호 웃고 화이팅을 외쳐댈때 자괴감들었다.진심 우울하저라.",43,1538,열정호구 
49680,레알 조옵쌀 저 인간은 실존인물이야......,29,1525,열정호구 
47348,정규직이라서 생명을 구했다는게 너무 짜증나고 서럽다ㅠ,31,1523,열정호구 
44795,와 휴지 쓰다 마려는건 돈아까워서 그런겨? ㅜ ㅜ,34,1517,열정호구 
50520,난 천연기념물이네...,28,1511,열정호구 
83768,일찍오면안돼는이유:베뎃이없다.,11,1509,열정호구 
47545,모자이크 안해주셔도 돼는데..^^,31,1506,열정호구 
40957,(아름다울)미(무궁화나무)친(빛)색(기록)기                             OOO,38,1498,열정호구 
772,"솔직히 돈으로 생활할려고 돈을 원하는데..
지는 그럼 돈 안좋아하나",56,1495,열정호구 
48143,생망같이 하면 나중엔 착하단소리는 개뿔 멍청하고 호구란소리만 듣습니다 물론 업무는 몰리구요 월급은 그대로,30,1492,열정호구 
39308,ㅋㅋㅋㅋㅋㅋㅋㅋㅋ진짜 노래방에서 연속으로2개예약하는새끼들 뚝베기 다깨버려야한다 ㄹㅇ개민폐,39,1490,열정호구 
59535,"여주는 집에있는게 오히려 생지옥이니ㅜ좁쌀이 일뺑뺑이 거지같이시켜서 그렇지 ㅋㅋ 저집 부모처럼 인격모독 수준까진 아니고 .... 나가서 평일알바하면 최저도 안주지 저 월급도 못받을거고 경력도 못쌓고 ㅋㅋ 무경력 20후반 신입디자이너가 어딜가겠음 ㅋㅋㅋ더러워도 무조건 1 2년은 붙어서 정규직 노리고, 동시에 대부분의 ㅠ경력있는 신입을 원하는 정규직 채용 좀 괜찮은 회사 원서넣어야지ㅜ  아침출근 11시 12시 퇴근이야 사원수준에 어딜가나 그럴거고ㅜㅜ슬프다",22,1489,열정호구 
50552,그 좋은 연애 경험 못한사람 여기 한 명 더 있습니다,28,1481,열정호구 
38961,조옵쌀이 cheer up부를때 귀척한거보고 닭살돋았음,39,1468,열정호구 
27274,조옵쌀 화풀이용 봉제인형 만들어주세요 솜 빵빵하게 넣어서 때리면 스트레스 해소에 딱일듯 ㅋㅋㅋㅋㅋ,42,1459,열정호구 
46549,조옵썅,32,1455,열정호구 
43595,만화지만 너무 안쓰러워서 속상하다....ㅠㅠ자신의 선택이 틀리지않았다는걸 스스로 합리화하면서 어떻게든 버텨내려는모습이....,35,1450,열정호구 
66786,"첫직장 다닐때 이사님이랑 생긴것도 비슷하고 일처리도 비슷해요
A로 하랬다가 B로 하랬다가 C로 바꾸라더니 결국 A로 다시 시키고..
퇴근시간 20분전에 꼭 오늘중으로 하라면서 일 시키고~
그래서 이사님 때매 회사 때려쳤어요ㅋ",18,1449,열정호구 
46264,현실에 저런 곳 많음... 겉으로는 열정페이 없애자 계약직 처우개선하자 하면서 정의로운 사회 만들것처럼 외치지만 정작 내부에서는 계약직 직원들 열정페이로 일시킴...,32,1448,열정호구 
1478,"전 직장 사내게시판에 해우소라는 게 있었다. 못 하는 이야기를 올리라고 만들었댔지. 어느날 해우소에 상사를 질책하는 글이 올라왔다. 회사는 당연히 그 글을 지우고, 추적하고 징계했다.  이번엔 또 다른 이야기다. 회사가 쓰레기 같아서 퇴직 후에 후배가 회사를 비판하는 글을 취업사이트에 올렸다. 그러자 회사측에서 후배에게 연락이 왔다. 글을 내리지 않으면 고소한단다. 그렇다. 취업사이트에 있는 이 회사 좋아요? 믿지마. 진짜 그 회사 그 부서에 다니는 사람에게 꼭 물어봐라. 진짜인지 아닌지.",55,1441,열정호구 
24249,때림이 부족하다 느껴지시는 분들은 스크롤을 올렸다 내렸다 반복해주시면 속이 시원해집니다.,45,1441,열정호구 
83872,아오 말좀바꾸지마 얼굴개긴좁쌀이;,11,1440,열정호구 
80982,"안 당해본 사람은 모른다. 정규직되도 마찬가지다. 보아하니 한 20명규모쯤 되는 회사같은데, 이런데는 다 사장 맘대로지.  처음이랑 말 다르게 근무조건이 바꼈다고 일방적으로 통보한다. 웃긴건 같이 회의즐어간 차장, 부장놈이 아무말도 못한단거지. 왜냐면 제 코가 석자거든",12,1426,열정호구 
48093,생망은 착한게 아님. 지가 일부로 다 하겠다고 자진해서 해 놓곤 연봉협상 때 무기로 이용할려는게 뻔히 보이는데 착한거 절대 아님.,30,1425,열정호구 
58776,사회가 무서워..,23,1425,열정호구 
44809,"생망이 안쓰럽다..
저렇게 힘들게 일해서 살아갔는데 진상컴퍼니라니",34,1420,열정호구 
93717,아오진상. 진짜 드럽고치사한데 때려치자니 어딜갈지도모르겠고 다른데도 안그런단보장도 없고. 갈 수있단 보장도 없으니 일단은 버텨봅니다. 그리고 사회 초년생이라 뭘알겠어요ㅠㅠㅠ 힘들어도 원래그런가보다해야하고 팀장님말에는 무조건 네네 웃으면서 해야지..,5,1406,열정호구 
1544,여태본웹툰중에 가장현실적..,55,1393,열정호구 
5429,할머니영생ㅋㅋㅋㅋㅋ,52,1393,열정호구 
6833,배로 맞아봐야 정신차리지,51,1392,열정호구 
44760,공사판도 사람다운 대접을 받는 직업이 됐으면 좋겠다.,34,1391,열정호구 
8016,여기 진짜 언론사가 어디에요? 어떤 10코스프레 회산지 제발 정체 좀,50,1386,열정호구 
53867,여러분 백수생활이 이렇게나 해롭습니다,26,1369,열정호구 
3260,소정의 선물과 함께 다량의 스트레스를 주니까 그렇죠....,53,1362,열정호구 
27367,뷰웅ㅋ신ㅋ,42,1360,열정호구 
47347,"진짜 치사함..  나도 계약직일 때 나만 건강검진 못받음... 
나도 정직원 못지 않게 열일했는데 치사하고 서러움",31,1356,열정호구 
40963,공포영화보다 무서운 현실..,38,1352,열정호구 
26177,워크샵 단합대회 욕하시는 참여자분들보다 더 짜증나고 고된 사람들 누군지 아시나요? 그 행사 준비하는 사람들입니다 망할 그나마 참석자들은 뭐 먹고 마실 시간이나 있지 이건 뭐..,43,1350,열정호구 
52208,"와 댓글원래 안쓰는데
이번화 많은생각 하게
되네요...",27,1350,열정호구 
39327,좋아요누른사람시험백점이나맞아라,39,1345,열정호구 
26502,조옵쌀 코가 갈수록 길어짐,43,1336,열정호구 
46465,자기 잘못 인정안하는 인성 클라스 ㄷㄷㄷ,32,1326,열정호구 
8009,늘 느끼는 거지만 현실은 진짜 더럽네요..,50,1312,열정호구 
63577,간만에 사이다 100캔 먹은기분,19,1300,열정호구 
45618,우리도 지금 속고있을지도 모른다생각하니가 좀 슬프다 ㅠ,33,1298,열정호구 
93618,아 우리팀 부장하고 하는 짓이 똑같네....,5,1290,열정호구 
25588,진짜 보면 볼수록 웃기고 어이없어 ㅋㅋㅋㅋㅋㅋㅋㅋㅋㅋㅋㅋㅋㅋㅋㅋㅋㅋㅋㅋㅋㅋㅋㅋㅋㅋㅋㅋㅋㅋㅋㅋㅋㅋㅋㅋㅋ,44,1288,열정호구 
43789,미안한데 호구야.......,35,1283,열정호구 
1529,사실 슬프지만 이 문화를 같이 만들어가는데 일조한 셈이되는거다.. 중립그리고 침묵은 나도 거기이 동조했다는 뜻이야..,55,1280,열정호구 
50938,ㅋㅋ 마지막에 뿜었다,28,1279,열정호구 
72872,아 안본눈삽니다 ..,15,1279,열정호구 
6852,아 우리회사인줄...쉬려면 연차쓰래요,51,1277,열정호구 
2337,생망이의 배신,54,1271,열정호구 
48086,저런 예스맨이 세상에서 제일 피곤함. 주적임,30,1261,열정호구 
55560,"그리고 조옵쌀 과거회상편에선 늘 그래도 지금 조옵쌀의 행동이 정당화되는건 아니라는 댓은 꼭 있네 ㅋㅋ
난 여사원 욕보다 저게 제일 부질없고 쓸데 없는 글같은데 ㅋㅋㅋㅋㅋ 아무도 조옵쌀 쉴드 안쳤고 오히려 저렇게 당차고 정의로웠던 청년이 타락해진 사회구조와 그 윗머리들을 비판하는건데 조옵쌀 현재 드립은 매번 있냐",25,1254,열정호구 
63492,좋아요충들 나와랏!,19,1243,열정호구 
3380,왜 작가가 안 들어오긴...머리가 있으면 생각을 해 옵쌀아...ㅎ..,53,1240,열정호구 
53851,한 사람한테만 의존해서 그렇지,26,1239,열정호구 
5430,돌上놈ㅋㅋㅋㅋㅋㅋㅋ 뻘하게 웃기네ㅋㅋㅋㅋㅋㅋㅋㅋㅋㅋ,52,1231,열정호구 
59724,창의력 파괴자ㅋㅋㅋㅋㅋㄲㅋㅋㅋㄲㅋㅋㄱㄲ,22,1231,열정호구 
45349,아니 이거 설마 막 작가님 경험이고 하면..,33,1229,열정호구 
49676,너무 덤덤하게 말하는게 가슴아프다 아무렇지도 않은척해도 속은 안그럴텐데,29,1209,열정호구 
42549,코를 잡히고 매치기 당하고 싶나,36,1199,열정호구 
41693,하 진짜 회사사람들 다 말이안통하네,37,1196,열정호구 
42488,넌 누가 태어나랬냐,36,1194,열정호구 
46396,밥통에서 만든 쌀은 맛있기라도 하지;;;,32,1189,열정호구 
39320,"저게 만화나 시트콤이아니라
현실로도 많은게 소름인거임 진심",39,1187,열정호구 
7965,"ㅋㅋㅋㅋㅋㅋ뭐지???? ..답답한맛으로 보는 재미가있어
 매주 네이버화요일은 이거밖에 안봄... 나 취향이상해;;",50,1182,열정호구 
27354,조옵쌀이 주제를 알았으면좋겠다,42,1178,열정호구 
38905,"노래방에 오면 안되는 사람
1.좁쌀
2.좁쌀 
3.좁쌀
4.좁쌀
5.좁쌀",39,1177,열정호구 
734,"대체 웹툰세계의 회사는 왜 다 저모냥인가요.....?
졸라 취준생입장에서 보면 우리나라 살기 싫게만드네",56,1165,열정호구 
59611,"차장이 이때까지한것 중에 젤 맘에 드는일 하나했네
조옵쌀 까는거ㅋㅋㅋㅋㅋㅋㅋㅋㅋㅋ",22,1161,열정호구 
1678,저게 현실.... 소연이 발암이다 답답하다 뭐다하지만 막상 본인들도 소연이상황에 있으면 그렇게 행동하게 될걸요ㅠㅠ,55,1150,열정호구 
45471,껍데기도 할배인듯,33,1146,열정호구 
24491,"제노사이드 커터?
루갈: 흐뭇",45,1132,열정호구 
83760,징징이 너는 비누나 주워 샛꺄,11,1130,열정호구 
48317,저런 상황을 너무 당연하게 받아들이는게 안타깝다,30,1129,열정호구 
25492,작가의말ㅋㅋㅋㅋㅋㅋㅋㅋㅋㅋㅋㅋ여자친구 안티팬아니랰ㅋㅋㅋㅋㅋㅋ 작가님도 조옵쌀이 굉장히 싫어하시는듯ㅋㅋㅋㅋㅋㅋㅋㅋㅋ,44,1107,열정호구 
41691,ㅋㅋㅋㅋㅋㅋㅋ세로로읽으면 오지마죽어 ㅋㅋㅋㅋㅋ,37,1096,열정호구 
3237,제발 사이다무새들 꺼져줘 아니 그렇게불만이면 보질마 이웹툰 자체가 현장고발이지 뭔 판타진줄아냐?,53,1095,열정호구 
25263,옵살이가 티티추는걸 상상해버렸어 젠장ㅇ....,44,1078,열정호구 
47201,저 이이야기는 픽션으로~~~관련이 없습니다... 란 글귀가.. 왜 이건 내이야기야.... 제발 살려줘... 하는거 같지.,31,1071,열정호구 
24602,혹시라도 고백할까봐 조마조마,45,1066,열정호구 
43866,뭐냐 내얘기냐,35,1066,열정호구 
25474,옵쌀이 센터네,44,1059,열정호구 
16217,"진짜 부모들이 저 딴식으로 나오는데 
엇나가지않고 그대로 공부하고 버틴게 더 대단하다..
그리고 쫌 정성스럽게 잘했다 이제쉬어 
이 한마디도 안해주고
그냥 자랑할 생각에꿈만 부풀어서 하는짓이
친척에 전화해서 자랑하기
제일 중요한 지 딸은 안챙기고..
그게 진짜슬픈건데..
좀 한번만이라도 제대로 봐줬으면 좋겠다.
맨날 공부, 시험 성적 
시험 성적 안좋으면 저번 일까지 들먹이며 혼내고
괜히 감정에 휘말려서 혼내고
진짜 별루다

제대로 봐주면 또 관심 끄라 할거잖아 이러시는분들
님들은 실제로 이런생각 가진 사람들이
뭘 원하는지 제대로 모르시는거에요
그리고
부모님들이 뭘 했든
다른집 애들이 뭘 했든 걔네가 1등 했든
난 관심 1도 없으니깐 그 얘기는 좀 그만행..
자꾸 비교질 당하는 입장에서
기분이 좋을거 같낭..
기분 안좋으면 공부해라 그러는데
그러면 더 하기 싫다 진짜루..",48,1039,열정호구 
1523,"솔직히 소연이 용기없고 그럴때마다 엄마 아빠 잘못이라는 생각이 든다. 부모부터 제대로 대우해줬어야 하는데....
힘내라!!!",55,1034,열정호구 
25224,진짜 여자친구 무대 보고 눈 씻으러갑니다,44,1027,열정호구 
49726,하아~우매한 기레기들~,29,1020,열정호구 
59565,어후 사이다!!!!!!!!!!! 를 몇백리터 원샷한것같아ㄷ,22,1012,열정호구 
25364,조옵쌀은 사장님이랑 밥먹기 싫은느낌인거같은데...일할때도 자신이  너무했다는 것 그느낌 그대로 직원들이 느낄테니 입장바꿔 생각해봤으면...,44,998,열정호구 
27241,좁쌀 잠옷 나만 귀엽냐ㅋㅋㅋㅋㅋㅋㅋㅋㅋ,42,984,열정호구 
59474,조옵쌀이 왜 볼수록 커엽지? 죽을때가 됐나부다..,22,968,열정호구 
44819,좁쌀이 게에세퀴,34,961,열정호구 
42451,지도 하는 거 없으면서 왜 남한테 GR임,36,949,열정호구 
50828,조옵쌀 시키 지가보고싶으니까 ㅋㅋㅋㅋㅋㅋㅋ,28,949,열정호구 
47156,급여명세서 주소봨ㅋㅋㅋㅋ clzlsajrrhvek 치킨먹고싶다 ㅋㅋㅋㅋㅋㅋ,31,947,열정호구 
6159,"조상신 모셔야 복 들어온다는 대사보니까 생각나네ㅋㅋㅋㅋ진작에 조상 덕 본사람들은 제사 안지내고 해외여행가고 놀러다님ㅋㅋㅋㅋㅋ조상들도 명절에 모여서 싸우고 스트레스 받는 모습 좋아하실까? 아님 자식들이 여행다니면서 하하호호 웃으면서 스트레스 푸는 모습 좋아하실까?? 나는 명절만 되면 조상모시고 이런거 정말 이해안됨. 돌아가시기 전에 잘해드리고, 돌아가셨으면 평소에 산소나 납골당 잘 찾아뵙고 마음속으로 항상 생각해야지. 꼭 생각도 안하다가 명절만 되면 없던 효심이 튀어나와ㅋㅋㅋㅋ",51,941,열정호구 
49706,이래도 제가 좁살의 아바타입니까?,29,919,열정호구 
48138,칸트의 의무론은 동기가 선한 게 아니라 행위의 동기가 선의지를 따르고 마땅히 보편적이게 해야하는 일을 하는 겁니다. 그래서 가치가 들어가지 않은 채 사람들의 존엄성을 지키도록 되어있구요. 악한 결과가 나왔어도 선한 의도의 행동이었으면 괜찮다는 건 심정윤리에 해당합니다. 반대로는 책임윤리가 있습니다.,30,917,열정호구 
49227,편집장 진짜 미쳤냐,29,900,열정호구 
2257,간절함을 밟는 사람들,54,898,열정호구 
2326,또 이렇게 하나의 열정호구가 탄생했다.,54,894,열정호구 
39335,진짜 눈치 드럽게 없네,39,893,열정호구 
24251,제노사이드 커터 아시는분 많은거 보고 이만화보는 아재 나만 아니었구나 안도감을 느낍니다.,45,857,열정호구 
6803,공휴일 !!!!! 황금연휴 !!!!!!! 내삶의 비타민 !!!!!!!,51,849,열정호구 
41385,"취준생인데 정말 너무 힘듭니다.. 
다들 어떻게 버텨내는지..
하.",37,842,열정호구 
47502,"투표가 너무 하고싶은 나.. 
20살..이라고 쓰고 만 18세라 읽는다..
",31,824,열정호구 
44982,생망이 불쌍하다,34,822,열정호구 
25973,왜 소연이 잘못임?? 그런 환경을 만들고 저렇게 만든 소연이네 부모 잘못이지;,43,820,열정호구 
45354,어떤 의미에서는 '송곳'보다 더 슬픈 만화임 ㅠㅠ,33,811,열정호구 
46663,역시 좁쌀 재수없다,32,801,열정호구 
49655,하아...우매한 좁쌀이...☆,29,770,열정호구 
1531,조옵쌀 샌드백인형 만들어주세요 꼭삽니다,55,759,열정호구 
46295,좁쌀 역시 오늘도 발암이군,32,757,열정호구 
2789,갑자기 연재중단 시키는거 완죤 레진코믹스네,53,740,열정호구 
2348,하아.... 이렇게 또 작가한명을 지옥의 구렁텅이로 빠뜨리는구먼....,54,728,열정호구 
45336,아휴 같은 처지인데 남 얘기마냥 그려놓고 내색 못하는 소연이가 너무 마음 아프다.,33,724,열정호구 
41688,오지마죽엌ㅋ,37,723,열정호구 
42334,작가님 열정호구 완전 진짜 재밌어요!,36,713,열정호구 
45352,오오...진짜 고맙습니당..베댓처음 됐는데 왠지 설레서 잠이 안와요....사실 더 무섭다가 아니라 제일 악질이야인데 잘 못 써서 보기 좀 불편 하셨던 분들은 죄송합니다..ㅠ,33,686,열정호구 
46236,언어가통하지않으니 소통이불가하다-세종-,32,663,열정호구 
46032,근데 여기 사이다 찾는사람 많은데 난 차라리 계속 이렇게 가는게 나을거같음. 만화 내에서 사이다가 나온다고 우리 현실이 달라지진 않잖아..,32,587,열정호구 
56044,이래서 남일 신경끄라는건가,25,577,열정호구 
54730,왕따 당한.아이를 보고 자기도 왕따될거란 생각을 하면서도 구해줬는데 구해주고보니 자기가 왕따도 당하고 구해줬던 아이가 자기를 무시한다면 어떨거같냐,25,470,열정호구 
24422,와중에 여주 다리라인 개예쁜데 ??,45,469,열정호구 
51309,"이런 노예 자랑의 진수인 곳이 있죠 ㅋㅋ 대한민국 군대 ㅋㅋ 예비역들 누가누가 더 고생스런 군생활 했나 자랑하고 고생담 늘어놓기 배틀함. 거기서 끝나면 모르는데 꼭 군생활 좀 편하게 혹은 공익 갔다온 사람은 무시하고 멸시하는 짓거리함. 게다가 요즘 군대 인권의식 좋아지고 신고체계나 처우 좋아지면 그걸 또 비꼬고 비아냥 대고 ""요즘은 이등별님들이라며?"" ""어휴 그런데가 군대냐? 나때는.말이야~"" 이러면서 젊은 꼰대들 우글우글함......왜 대한민국 군대가 아직도 최저임금도 못받고 처우나 사후보상이 쓰레기인지 이 부분에서 알수있음. 더 힘들게 착취당한 노예라는걸 자랑스레 훈장으로 여기고 그런 착취구조가 개선되면 부끄러운 일, 멸시받을 일로 여김. 남자들 다.모여서 군대처우 개선해달라고 데모하고 시위해도 모자랄 판에 누가 더 충직한 노예인지 자랑하기 바쁨.",27,455,열정호구 
23454,좁쌀이 딱 전형적인 도태된 한남이네ㅋㅋㅋㅋㅋㅋㅋㅋㅋㅋㅋㅋㅋㅋㅋㅋㅋㅋㅋㅋㅋㅋㅋㅋㅋㅋㅋ좁쌀 욕하고 있는 한남들아 저거 너야ㅋㅋㅋㅋㅋㅋㅋㅋㅋㅋㅋㅋㅋㅋㅋㅋㅋㅋㅋㅋㅋㅋㅋㅋㅋㅋㅋㅋㅋㅋㅋㅋㅋㅋㅋㅋㅋㅋㅋㅋㅋㅋㅋㅋㅋㅋㅋㅋㅋㅋㅋㅋㅋㅋㅋㅋㅋㅋㅋㅋㅋㅋㅋㅋㅋㅋㅋㅋㅋㅋ,46,367,열정호구 
55069,한국식 페미니즘 참웃긴다 ㅋㅋㅋㅋ표범박쥐 베댓 봐라ㅋㅋㅋ좁쌀이가 성희롱하는거 도와줬더니 여성분이 사회생활하려고 기죽이고 조용히있었는데 멋대로 도왔으니 고마워하지 않아도 된단다 ㅋㅋㅋ저말은 곧 사회생활을 함에 있어서 성희롱을 방관하라는 말밖에 안되는데 그걸 좋다고 베댓을 만들어놨네....진짜 페미니즘이 뭔지도 모르면서 그냥 여자가 욕먹는다는 이유 하나만으로 응 여성혐오~하면서 똥이나 싸지르기 바쁘지...반대로 남자가 사회적 불합리에 당했을때 좁쌀이가 도와줬는데 외면했으면 같이 욕했을것들이...ㅋㅋㅋㅋ,25,311,열정호구 
54693,"여기서 제일 잘못한 사람은 회사사람들이다
김곤대가 쓰레기라는 건 누구나 다안다
특히 처음에 좁쌀비난한 저 안경
저놈이 제일 잘못했다
좁쌀이 맥주 붓고 다다다 쏘아부칠때
다들 당황하면서도 고민했을거다
근데 안경이 좁쌀 비난하며 편집장편에 붙자
다들 그쪽으로 붙어버렸다
상황판단을 너무 잘?하는 인간본성 덕분에
만약 저 침묵뒤에 회사멤버가 단합해서  좁쌀편들었다면
성희롱당한 여자의 상처도 조금이나마 치유되고 
좁쌀포함 나머지 인간들은 자신의 인간성을 지킬수있었다
방관자들이야말로 악인을 먹여 살리는 부역자들이다
물론 정의롭게 사는건 어렵다
그래서 단합이 필요하다
힘을 모으면 누구도 피해보지 않을수있다
김곤대같은 사람은 논리가 안통하고 양심도 없다
합리적으로 생각하고 양심있는 인간이라면 애초에
저렇게 행동안한다
머눈엔 머만 보인다고 다른 사람들도 자기랑 똑같다고
생각하면서 관에 들어갈때 저렇게 살아간다
절대 안바뀐다
주위 사회가 지속적으로 비난해야한다
제아무리 지위 높아도 쪽수에는 장사없다",25,190,열정호구 
47139,썸네일보고 여주 살찐 줄 안사람 손..,31,178,열정호구 
54987,"그리고 여자분들 성폭행 당할뻔하거나 당했는데 도와준사람버리고 그냥 도망가지마세요 제발 괜히 도와준사람은 빨간줄 생기고 가해자는 뻔뻔하게 돌아다니고 피해자는 피해자대로 당하기만하고 끝나는건데
아무리 무섭고 힘들더라도 그건 인간으로서 할짓이아니에요
어떤분은 남성두명한테 강간당할뻔한 여자분 돕다가 가해자를 때리게됐는데
여자가 도망가서  증거하나없다고 빨간줄 생기고 직장도 짤리게생겨서 가해자부모찾아가서 막 빌었다네요 그런데 합의안해줘서 괜히 인생종치고..",25,143,열정호구 
28191,"저런 가정 만화에만 존재하는것 같죠? 현실에도 존재해요ㅜㅜ 진짜 슬픈건 어렸을때 상처를 치유하고 싶어서 부모님께 말씀드리면 기억 조차 못하시고 있다는 사실... 그냥 ""진짜 내가 그랬었니? 그랬다면 미안해"" 이정도? 상처는 가슴에 묻을 수 밖에 없어요ㅜㅜ",41,137,열정호구 
55040,"비슷한 예를 들어볼까요? 평범한 8반에서 혁진이가 왕따 도와주려다 오히려 자기가 왕따당한 에피소드 아시죠? 그거랑 똑같은겁니다. 거기 베댓들 보면 일진들도 욕하지만, 정작 도와주니 배신때린 왕따놈을 더 욕했죠? 그거랑 똑같은겁니다. 근데 이 웹툰에선 그 대상이 단순히 ""여자""라는 이유로 남녀 프레임 씌우고 두둔하고 있군요. 여자라고 욕먹는줄아세요? 도와줬더니 모른척해서 욕먹는겁니다.",25,113,열정호구 
54843,편집장 나쁜놈인건 당연한거고 여자도 너무했다 이것때문에 여자얘기가 많은거 아님?,25,77,열정호구 
44861,생망아 꽃 길만 걷자 💐💐💐💐💐💐💐,34,61,열정호구 
26087,"암걸렸다는 표현 쓰지말자는게 나쁘다는게 아니고 
죽을것같다는 표현등등 다른것도 많은데 왜 암에만 집착을 하는건지 모르겠는.....ㅋㅋㅋㅋㅋㅋ 
암을 우습게봐서 암걸릴것같다는 말을 쓸까요 과연? 
그럼 죽을것같다는 말을 사용하는 사람들은 죽음,죽은사람들을 우습게봐서 그렇게 말하는건가요? 
주의하면 좋겠지만 저런 표현을쓰는 사람들중 결코 암이나 죽음을 비하하거나 우습게 생각해서 쓰는 사람들은 없을것같네요",43,54,열정호구 
55946,"여혐이 여기에도 있을줄은 몰랐다ㅋㅋㅋ 편집장이 여자고 도망간게 남자였으면 편집장이 1빠로 욕먹었겠지;
꼭 여자랑 말도 못섞어본 애들이 여험이더라 어휴ㅠㅠ",25,54,열정호구 
54991,표범박쥐 베뎃 남자의 사회생활을 건 선의를 쓸데없는 오지랖으로 만들어버리는 클라스 오지구여,25,49,열정호구 
60432,"뒷담도 주의해야함
회사에 믿을사람 하나없음
귀닫고 입닫고 내 일만 해야함",21,48,열정호구 
55257,"여자만 욕하는게 아니라 김곤대는 누가봐도 개 악역이고, 여자가 타겟팅 되는 이유는 너마저 그런거냐? 라는 아쉬운 마음에서가 아닐까요",25,40,열정호구 
26182,"우리할아버지도 암으로 돌아가셨지만
병수발하면서도 장례식장에서도
진짜 너무 울었지만
사람들이 답답하다는 말을 더이상 어쩌지못해
암걸리겠다는거보고 불편하지는않는다
아니 얼마나 사는게 힘들면 이런거 하나하나
아니꼬와보이고 불편한걸까 싶다",43,38,열정호구 
44768,"여캐가 속물적이게 그려지고 남자한테 피해 입히면 김치녀라는 댓글들 수두룩하고, 남캐가 속물적이게 그려지고 여자한테 피해입히면 '작가 메갈이냐?'소리나 듣겠지
스크롤 내리면서 불안했는데 역시나 김치녀 타령 어디 안가네",34,37,열정호구 
55295,"베댓들 이해가 안되네.. 베댓분들 의견은 '저 여사원은 피해자이니 비판 받아선 안돼. 가해자인 부장이 비판 받아야지!' 인데.. 물론 지난화까지 성추행 당하는 저 여직원은 피해자가 맞습니다. 당연히 도와줘야되구요. 근데 자기 자신을 도와줘서 되려 그 도와준 사람이 곤경에 쳐해있는데 외면하면 거기서부턴 피해자가 아니라 가해자나 다름없는 방관자입니다. 가해자랑 마찬가지로 질이 안좋아요. 딱히 남녀 성별을 구분해서가 아니라 동성간 상황이라도 방관자는 비판 받아야될 행동이에요.
'사회생활을 위해서 어쩔 수 없다'는 결국 다른 댓글에 달린 '길가다가 범죄현장을 봐도 그냥 지나간다'랑 다를게 없습니다.",25,37,열정호구 
69904,"(・ิω・ิ) 내 눈썹은 계속자랑ㅇ!

(・ิω・)ノิิ하나 때면

(・ิω・ิ) 생겨!뙇!

(・ิω・)ノิิ 또 떼도

(・ิω・ิ) 또뙇!하고생겨

╰ิิ(・ω・)ノิิ 그러니까 양쪽 다 떼도?

(・ิω・ิ) 상관없응ㅇ

╰ิิ(・ω・)ノิิ떼자 야압!

╰ิิ(・ω・)ノิิ 응..?

╰ิิ(・ω・)ノิิ 왜 안자라지?

(・ω・) ...",17,37,열정호구 
102012,"은지만큼 일 안 하면 - 요즘 젊은 것들은 근성이 없어서
라는 이유로 잘립니다
은지만큼 일 하면 - 은지 상황 옵니다

은지가 앞으로 나올 상황의 시발점으로 보는 건 아닌 것 같네요
누가 은지에게 압박을 준 건지 생각하셔야죠 ㅡㅡ",2,37,열정호구 
45734,와 1등,33,36,열정호구 
54422,찍먹 손,26,36,열정호구 
54721,"편집장은 당연히 잘못한거고 욕먹을 짓 한거죠. 근데 여자도 피해자라고 두둔당할수만은 없는 부분인게, 조옵쌀이 거기서 무시하고 가만히 있었다면 그 여자분은 멀쩡했을까요? 본인이 못견디고 울면서 퇴사했을 수도 있는 일인데 나서준 조옵쌀을 무시하는건 사회인으로 어쩔수없을진 모르지만 인간으로서는 실격인듯싶네요. 어려운 상황에서 내밀어주는 손이 얼마나 고마운지 모르는 사람. 도움받을 자격없는 사람.",25,34,열정호구 
105769,맨날 새 웹툰 올라오면 내리다 보니까 있었데; 어쩌란거지 모두 내리다 보니 온건대,1,34,열정호구 
54752,"하루종일 이거가지고 싸우고있네
애초에 저사람이 여자라서 까이는게 아니고 인간으로써 잘못을 했으니깐 까이는건데 애초부터 여자들이 피해의식인지먼지 때문에 여자라서 깐다고, 만만해서 깐다는 헛소리를 해대는데 싸움이 끝날리가있나..ㅋㅋ",25,32,열정호구 
2123,"베댓님과 마찬가지로 타 사이트에서 연재하던사람임니다
만화에 관심없는 분들은 잘 모르더라도 마냥 작지만은 않은 중견플랫폼이엇는데 컬러70컷에 편당 40씩 받앗습니다^^
놀라운건 컬러-무조건 어시가필요하더군요ㅎ
어시스트비 제하고 30 만원씩 벌면서 하루에 15시간씩 일주일다채워서 일했습니다
아참 마감당일엔 세시간잡니다 그것도 한시간에 15분씩, 알람맞춰서용
명절주말 이딴거읍슴니다 일년간 가족얼굴 단한번도 못보고살았어요
물논 명절보너스 보험 없음ㅎ
주변작가들 응급실 실려가고 하는 거 일상이고 이러다 일하다 죽는거 진짜있겠구나 싶어요
저렇게 일하는것을 작가니까 당연하다, 란 말을 하던 사람도잇엇어요
자신이 또다른 입장에서 갑질을 하고있다는 인식조차없이말예요
이 글보신분들중 컬러 분량 70컷이상이 당연하게 생각되시는 분들 많으실겁니다, 웹툰 기준이니까요. 그 당연함이 지금 누군가의 뼈를 갈아가면서 채워지는 분량이란걸 알아주세요",54,31,열정호구 
69877,"진짜
악덕이다 ㅋㅋㅋㅋ
이젠 미워하기보다는  정들었다",17,31,열정호구 
55008,"왜 한국식 페미니스트들은 도와줘도 니가 멋대로 도와준건데 고마움을 강요하냐?따위의 발언을 베댓으로 만들어서 다른이들이 아, 약자 도와줘봐야 득볼게 하나 없구나 그냥 모르는척하는게 좋겠구나 라는 생각을 하게끔 만드냐? 저딴글이 베댓됬다는거 자체가 절대다수가 같은생각을 하고있다는 뜻이니, 일부일 뿐이라는 드립은 하지말고, 진지하게 대답해봐라. 과연 저딴발언을 베댓으로 만들어서 보는이들이 도와줄필요가 없구나라고 느끼게 하는 니네가 여혐인건지, 아니면 보통사람들이 다 저러지는 않을테니 저여자는 까여야 마땅하다 라고 주장하는 이들이 여혐인지.",25,30,열정호구 
20045,이거보고 메갈이라하면 일상생활불가 ㅋㅋㅋㅋㅋ뭐든 메갈 뻬애애액,46,28,열정호구 
54919,ㅋㅋ고작해야 만화캐릭터에 만만하고 덜만만하고가 어딨냐?다 까일만 하니까 까이는거지 ㅋㅋㅋ여기 댓글다는 누구도 편집장새끼보다 여자가 더나쁘다는사람은 없다. 편집장보다 여자욕이 많은이유는 전혀 여성혐오 프레임을 씌울만한 일이 아닌것에 여성혐오 프레임을 씌워대니까 자꾸 여자쪽만 언급되는거지 이게 어떻게 여성혐오냐? 오히려 저 여성을 실드침으로써 독자들에게 아 성희롱 당하는 여자를 도와줘봐야 고맙다는 인사는 커녕 도와준이만 호구가 되는구나 라고 생각하게끔 여론을 조장하는 니네들이 여성혐오 아니냐? 저거에 대해서 저건 여자가 이상한거야. 라고 생각하고 여자를 까는게 왜 여성혐오냐?ㅋㅋ,25,28,열정호구 
74259,"밑에 스토리상의 부모가 저러는게 점점 공감이 떨어진다는데
수많은사람들이 당신집안처럼 자라지 않았어요
더 심한부모도 있고 
말하면 정신병같아보일만한 일도 수없이 많아요
그니까 제발 말조심하세요
님같은사람들보면 참 세상 편하게만 살았구나
나는 왜이러지 하는생각때문에
죽고싶을때가 한두번이 아니에요",14,27,열정호구 
74292,"가족이 도가 지나치다느니, 비현실적 이라느니.. 그러시는 분들이 있는데, 사랑받고 따듯하게만 자라서 잘 모르시나봐요? 뺨 한대로 끝난 건 다행인거죠. 눈에 뵈는대로 손에 잡고 몸뚱아리 아무곳이나 분 풀릴때까지 쥐어패는 부모들도 있습니다. 저정도면 일반적인 한국 부모 같네요. 전형적이라고 생각해요. 하지만 발암이라는 건 동의.",14,27,열정호구 
55896,한남 특징 강약약강ㅋㅋㅋ자기보다 강한 존재한테 화낼줄 모름. ㅎㄴㅊ들이 저 편집장을 만드는거임,25,26,열정호구 
3607,베댓 여자가 젊을때 애를 낳아야 한다는 사상을 옹호하는건 절대 아닌데 34에 애 낳는게 제일 좋다는 근거는 어딧음? ㄹㅇ로 첨 들어보는데 만약 선동이라면 오히려 역풍만 분다는 사실을 인지하셨으면;;,52,25,열정호구 
26637,안녕하세요 작가님^^ mbc 다큐팀입니다. 저희가 이번에 직장관련 다큐를 준비중인데 프로그램에 웹툰을 활용하고 싶어서 댓글 남깁니다. 자세한 이야기는 전화나 메일로 하고 싶은데 qhrud3535@naver.com으로 연락주세요:),42,25,열정호구 
54648,"ㅋㅋ진짜 여자옹호댓글ㅋㅋㅋㅋㅋㅋ
그냥 안도우면 서로좋네 그냥방관만합시다 남성여성 둘다
누가위험하던말던 
++메갈 웜련들은 한남한테 도움받기싫자나;; 한남들도싫어할거야
그러니깐 서로돕지말자",25,25,열정호구 
54805,"마치 그거같음 ㅋㅋㅋㅋ
여자가 성폭행 당하고 있어서 지나가던남자가 도와줬더니 여자는 도망가고 도와준 남자만 폭행죄로 잡혀감 ㅋㅋ",25,25,열정호구 
101915,이거 호러물인가요...? 왤케 무섭지,2,25,열정호구 
1519,"어느부분이 현실이냐고?  식구들이 하나같이 저러진 않지만 직장없다고 눈총주는 엄마가 있는데 회사 짜증난다고 그만두면 집에서 맨날 엄마한테 한심하다,나이가 몇인데 하면서 누구랑 비교하고 그걸 날마다 견뎌야됨.  그리고 직장 다니면서 돈 벌면 일단 친구를 만나건 어디를 가던 당당해지지. 솔직히 누가 어디서 무슨일하냐 믈어보지 어떤 대우받는지 안 물어보니까.  회사에서 불이익 당하면 화나고 아무말도 못하는 내가 한심하지만 때려칠 생각하면 위에 말한부분들이 이성을 되찾게하고 일을 그만둬서 기분좋은건 그때뿐일거야.  그만두면 분명 후회하겠지? 이런저런 생각으로 그냥 다니게 되는거지.  여주같은 상황에서는 실체를 폭로하고 싶어도 그 댓글이 자기란 걸 회사에서 알게되면 내부고발자에 해고될거고 그럼 직장 못 구할 것 같으니까.",55,24,열정호구 
3611,다 좋은데  여자 34살이 더 좋다는 근거 없는 소리는 내려주시길. 남자든 여자든 젊을 때 출산하는게 덜위험하고 거강한 아이 낳을 확률 높아집니다. ㅡ의대생,52,24,열정호구 
20050,"이거보고 화내는데 메갈이라고 하는 이유가 어디에 있는지 모르겠네요 아직 성인이 안된 저도 요즘 살기 힘든걸 아는데 30살 넘어가서 결혼못하면 요물이라니.. 그리고 결혼은 필수 아닌 선택 입니다
또한 임금격차도 같은 직급,같은 경력,같은 학력 등등을 두고 봐도 성별의 차이 때문에 임금의 차이도 있는것을 부정할 수 없어요. 저축도 못하는 마당에 30에 결혼이 어쩌구.. 백수인거 티내시나요
우리나라에서 성평등이 이루어지려면 100년이 넘게 걸립니다
남자들 뿐만아니라 여자들의 인식 개선도 필요해요. 얼마전 성희롱,성추행 등에대해 이야기를 하다가 어떤 여자 친구가
""여자들은 한번쯤.."",""여자니까.."" 하는 말을 듣고 화가 나기도 속상하기도 했습니다 
당연시 받아들이게 된 현실에대해 슬펐고 개선하려고 노력하지 않고 받아들이는 모습에 화가 났습니다. 
더하면 구구절절 길어질것같아 그만 하겠습니다
이걸 읽어보신다면 여자든남자든 꼭한번 다시 생각해주길 바래요",46,24,열정호구 
50912,"조:조옵쌀은
옵:한대맞아야
쌀:한대맞아도 정신못차리지 참",28,24,열정호구 
87828,"대학졸업 1년 지나 첫직장 부모님이 눈에 밟혀 그만두지못했던 주인공과 나랑 비슷하네 ㅠ 종교뭐이상한 통일교강요하고 ""여직원이 치마왜안입냐"" ㅗ 사수라는놈은 영업나가야된다고 일안가르쳐주고 지식인에 물어봐서 하라하고 연하남친있다했는데 노총각샛기 지가관상을볼줄안다며 나이차많은사람하고 결혼해야잘맞는둥 사장년 지딸취업해야하는데 웹디실기를 봐야한다고 새레이어하나 못여는년한테 하루만에 일러랑 포토샾마스터시켜 달라하고 월급도 3달밀렸(x)안줬으면서 일은 죽어라시키고 고용부는 사업자편이고 OOO 첫월급도 2주지나서 줘서 그만둘라했는데 부모님이 교회, 이모들 친구들한테 내딸 디자이너라고 자랑질해서 그냥 뛰쳐나오고도 일나가는척 밖을 배회하고 다녔던때가 떠오른다",8,24,열정호구 
103022,저게바로 리얼 현실이다 절대 자기몸 혹사시키지 마라 나중에 후회한다,2,24,열정호구 
20063,"여자가 되봐야 여자가 당하는 폭언이나 불안감같은걸 공감할수있을듯...밤에 혼자 절대 못나가는 기분을 어떻게 알까
꼭 이런거 나오면 ""모든남자가 그런건 아니야!!""하는 사람있는데 그런사람들 뇌빻은거 느껴진다.
너는 여자가 어떤 험한일을 당하고 두려워하는건 안보이고 너가 그런사람들과는 다르다는걸 밝히기 급급한것밖에 더되니.
어디가서 그런 빻은소리 하지 않길 바람...
모르겠으면 닥쳐",46,23,열정호구 
25716,"억울하면 더 열심히 해서 정규직 됐어야지라는 논리 펼치는분들. 그렇게 생각하는분들이 너무 많아서 힘드네요. 물론 정규직분들이 정규직이 되려고 피땀 피눈물 흘려서  노력하신건 당연히 인정해야하는거지만 그렇다고 비정규직분들이 저렇게 부당한 대우를 받는 게 당연한건가요? 그럼 애초에 워크숍을 참가하지 못하게 하든가 단합이라는 명분으로 비정규직까지 다 불러놓고 정규직들만 맞출 수 있는 문제나 내고, 애초에 기회조차 안 주는데 저게 맞는건가요? 그러면 처음부터 부르질말던가 왜 불러서 굳이 사람 비참하게 만드는건가요. 물론 정규직이 비정규직보다 어느정도 혜택을 더 받아야하는건 인정하지만 다 같은 사람인데, 비정규직도 노력을 안 하는 게 아닐텐데 사람대우도 못 받고 저렇게 사는게 맞는건가요. 월급같은건 차이가 날 수밖에 없다 하더라도 저렇게 외부의 공간에서는 좀 평등하게 대해주면 얼마나 좋을까요. 진짜 저렇게 살아야 하는건가요??? 부당한 대우가 당연하게 여겨지는거같아서 마음이 답답합니다.",43,23,열정호구 
38411,ㄱㄱㅋㅋㅋㄱㄱ작가의 말보고 보러왔당,39,23,열정호구 
56014,"모른척하는 여자 심리... 여자도 똑같이 공부하고 비슷하게 살만큼 살고 입사한 사람인데 사회생활하면서 저런일 겪을 각오 안하고 진짜 순진무구하게 당하기만하는 사람은 별로 없다... 여자 나름대로 사회생활의 일환이라 여기고 견디려고한건데 어떻게보면 조옵쌀때매 자기까지 상관, 업계에서 찍힐까봐 모른척하는거..",25,23,열정호구 
57751,1등!!,24,23,열정호구 
72271,"이 만화보고 진짜 많이울었어요 너무나같아서 ㅠ
내가 운이안좋은건지 내가 많이 약한건진 모르겠지만.
나중에 나도 상사가되고 나이가 들면 저렇게될까 싶을때도 많았고 이젠 정말 너무 무서움..

주인공은 과연 저길 그만두고 다른곳은 좋을거란 보장있을까? 솔직히 지금 다들 너무 힘들지않아요? 솔직히 이회사 저회사 다녀봐도 다 똑같애.. 나는 정말 원형탈모도 엄청오구, 정신과 치료도 받고 이거 잘못하다 내가 죽겠구나 싶었는데.. 저길 그만두고 정말 운좋게 좋은곳에 가면 참 좋겠지만.

지금 저기의 문제가아니라 이 사회의 문제아님?",15,23,열정호구 
74220,저런 집이 없을 것 같지? 익명이니까 쓰지만. 우리 엄마는 어렸을 때 신발끈 제대로 안 묶었다고 나가 죽으라며 트럭 오는데 밀었다.,14,23,열정호구 
101833,"은지가 현명한거다....안그래도 동종업계 좁은 마당에 깽판치고 나간다? 그건 재취업하기 싫다는 거지....소문 쫙 퍼진다. 일부러 신입한테 최대한 밝은 척 안 힘든 척 하는 것도, 대타자는 맡아놓고 나가야지 대타도 없이 맘대로 나가면 소문 쫙 퍼지고 재취업 못하기 때문이다. 은지 욕하지 마라. 너네도 저렇게 해야한다. 그게 처세인거다. 딱보니 다들 철이 안 들어서 그런 소릴 하는 거겠지만.",2,23,열정호구 
102399,"호구 중에 한명인 직장인입니다 
은지씨 모습이 바로 어제까지의 제 모습같아서 웹툰에 처음 댓글 달아봐요 
출근길에 괜히 눈에 들어오네요 

일하면서 먹을 수 있죠 .. 
바쁜건 핑계라고 니 몸 니가 챙기는 거라고
근데 먹을 수 있지만 먹기가 싫어지더라구요 
그 잠깐의 식사시간 사이에 먹고 와서 밀렸을 업무 생각 ,
쌓여가는 업무 생각에 먹어도 맛있지가 않고 
좀 지나다보니 배도 고프지않고 ,,
근데 그래도 일은 해야하니까 웃으면서 일하려고 노력은 하고있어요
직장인 분들 모두 화이팅입니다 ;-)",2,23,열정호구 
3692,"어휴
또 멍청한 애들이 망청한 내용 베댓 만들어놨네
여자는 이미 태아시절에 난자 만들어놨고 남자는 매번 정자를 만드는 형태라 여자 나이가 많을수록 기형아, 불임 확률이 높아진단다
특히 31넘으면 다운증후군 아기를 낳을 확률이 기하급수적으로 높아짐
요즘이야 늦게 결혼하고 늦게 아기 가지지만 발생학적으로는 저렇단다
발생학 공부하고 오길^^
팩트만 말해야지 뭐 화난다고 저런 근거없는 소리를 추천 박아놨냐ㅋ 독자들 수준하곤....ㅉ",52,22,열정호구 
44619,"비단 연인관계에서 뿐만 아니라 친구 사이, 사회 생활 대인관계에서도 돈과 시간이 여의치 않으면 관계 유지 어렵습니다. 이건 우리나라가 지옥이라 그러는게 아니라 어느 나라를 가든 마찬가지예요. 상대방이 호구예요? 매번 먼저 가서 만나고 인연 유지하게? 오늘은 내가, 다음은 네가. 오늘은 한 달에 한 번 만난 거지만 다음엔 좀 더 시간 내서 저녁 때 잠깐 얼굴 보는 것만이라도 좋으니 두 번 정도는 만나자. 이렇게 서로 조정하고 자주 얼굴 보고 대화를 나눠야 관계 유지가 돼죠. 그래야 서로 불만도 제때제때 털어놓을 수 있고.

그리고 물질을 밝힌다고 하는데, 적당한 물질은 밝혀도 됩니다. 사람은 본인을 아끼는지 안아끼는지를 나에게 투자하는 돈과 시간으로 평가합니다. 마음? 좋죠. 근데 마음만 있으면 뭐해요. 그걸 표현을 해야지. 물질 혹은 시간으로 표현을 해야죠. 그게 맞는 겁니다.. 제발 구질구질함에서 탈피해요..",34,22,열정호구 
74840,"이걸 보고 발암을 느낌: 학생
이걸 보고 공감을 느낌: 성인
이걸 보고 어이없어함: 기성세대",14,22,열정호구 
84199,"처음부터 지금까지 한회도 안 빠트리고 정주행하고 있는 독잔데... 정말 진심을 다해서 내가 다녔던 곳의 퇴사하신 선배/선임분이 만화 그리시는거 아닌지 생각들정도로 대박 소오름. 면접본날부터 작가라고 추켜세워주고, 야근을 당연시하고, 창의력이 필요하다면서 회사 분위기에 안 맞다고 하나부터 열까지 그림체/글느낌 다 바꾸라고 하는 회사....☆ 등장인물 모습까지 너무 비슷해서 볼때마다 레알 백만번 공감되고 내 과거가 생각나서 심하게 감정이입됨.... 퇴사 서로 축하하는것도 존똑. ㅠ.ㅠ 작가님 정말 대박입니다. 이런 회사 다녀보셨거나 아니면 주변에 진짜 심하게 겪어보신분을 알고계신것 같아요. 눈물날지경.ㅜ.ㅜ",10,22,열정호구 
3585,"여자가 34살에 낳아야 좋다는 건 무슨 자료를 근거로 하는 말입니까? 그리고 뭐에 좋다는 거죠??? 
아이 지능에? 산모 건강에?  저것도 전혀 근거없는 헛소리 같은데요",52,21,열정호구 
26263,"woft852님
비유를 통해서 말하고자 하는 말을 하는 것 뿐인데 왜 그렇게 진지하시나요?
그러면 ""아 힘들어 죽겠다"" 이말도 죽은 사람들을 위해서 하지 말아야 할까요?",43,21,열정호구 
44107,"남자든 여자든 헬조선에서 상대방에게 비전이 안보이면 연애를 지속해야 되는지 의문이 드는건 사실아님?ㅋㅋㅋㅋ
굳이 여자가 아니더라도 남자쪽에서도 여자 저런이유로 찰수도 있는거임 ㅋ
왜 욕해?ㅋㅋ어린가보다다들",34,21,열정호구 
55554,"쓰레기같은 편집장이나 지 도와준거 외면하는 여자애나 그냥 똑같은 구제불능 폐기물이구만 뭘 누가 더 잘했니 못했니 하고 있나. 베댓들 대충 보아하니 어떤 집단인지 대충 알만하다만 어차피 저래봐야 결국 점점 곤란에 빠졌을때 지 도와줄 사람만 없어짐. 이게 여사원이 추행당하는 상황이라 뭔가 어이없는 공감대가 형성되는 모양인데 이게 만약 일제강점기 역사 웹툰이고 편집장=일본 경찰 조옵쌀, 여사원= 한국인 대입시켰더라면 저 여사원은 지금쯤 매국노라고 가루가 되도록 까이고 있을거다. 조옵쌀 편집장을 떠나서 여사원이 쓰레긴건 지나가는 멍멍이도 알겠구만 뭘 그리 열심히 쉴드치는지 모르겠네. ㅉㅉ",25,21,열정호구 
74263,그놈의 남아선호사상ㅋㅋㅋㅋ그따구로키워놔서 지금 저새끼들이 저렇게 나대지,14,21,열정호구 
88254,"5년 일한 회사 그만뒀는데, 좋은게 좋은거라고 상황 다 봐주며 웃으며 퇴사했건만 월급+퇴직금 4개월째 못받고 있음ㅋㅋㅋㅋㅋㅋ노동부에 진정넣겠다하니 배째라고 ^^ㅗ 회사에 간쓸개 빼주며 일한 내 젊음이 아까움ㅋㅋㅋㅋㅋ그 회사가 망하길 매일 빌고 또 빌며 유능한 노무사 알아보는 중입니다ㅋㅋㅋㅋㅋ인생은 실전이야^^",8,21,열정호구 
101731,점심시간에 부장이 은지씨 챙겨달라 밥 안 먹는다 할 때 여주 바로 옆에 편집장 있는거 암? 만화 속 상황이라 해도 귓속말도 아니고 저 거리면 들릴텐데 편집장 양심없는거 이때부터 눈치 깠어야 했다.,2,21,열정호구 
4070,34살이 임신 적정나이다 하는 베댓은 완전 허무맹랑한 이야기입니다. 어디서 말도 안되는 말로 현혹하려하는지 모르겟네요. 그 나이 되보십쇼 남들보다 몇배 더 노력해야 합니다. 임신이 쉽게 되는줄 아시나 본데. 남여 둘다 건강해야합니다 그래야 태아가 건강합니다. 누구 탓으로 돌릴 이유가 없습니다,52,20,열정호구 
20130,진짜 궁금한데 아는 동생이 기관지가 많이 안좋아서 담배연기 잘못맡으면 호흡곤란 올 정도로 산소나오는거 들고다니던데 정류장 흡연자때문에 호흡곤란으로 실려가면 흡연자에게 병원비 청구가능항까요? 그냥 갑자기 궁금하네요.. 실제 저런일이 일어나면 피해는 고스란히 피해자에게만 가려나 ㅠㅠㅠ,46,20,열정호구 
21034,여자나이 크리스마스 드립치는 아재들은 집에 계시는 지들 어머니도 썩어 문들어진 빵이라고 생각하는듯ㅋㅋ,46,20,열정호구 
23135,솔직히 좁쌀이 남녀차별발언 한거 더러운데 전형적인 한국남자들이라고는 하지맙시다..한국남자들이 다그런것도아닌데 일반화되는것 같아요.좁쌀은 머리박으시고요,46,20,열정호구 
27601,ㅋㅋ 좁쌀이 잠옷입은게 귀엽다고 생각하는건 모지.,42,20,열정호구 
44630,"소리치며 이별을 통보한 모습이 경솔해보였지만 그렇다고 여자를 김치녀라고 욕하기엔 다소 무리가 있다고 본다... 오히려 여자를 김치녀로 만든건 남자가 아닌가 싶다. 저번에 사준 지갑이 맘에 안들어? 다음에 돈 벌면 더 좋은거 사줄께... 여자가 원한건 더 좋은 지갑이 아니다.
여자는 일반 연인들이 사귀면서 하는 행동들을 하고 싶었던것 뿐이다. 여자의 대사에서 된장 스런 대목이나 명품을 밝히거나 돈을 밝히는 내용은 솔직히 없다. 커플링? 분위기 있는 레스토랑, 함께 여행? 일반적인 내용들이다. 아마 사람들이 김치녀라고 욕하는건 처음 흙내나는 연애 하기 싫다는 대사 때문일것 이다. 하지만 그 의미는 돈 많은 남자 만나고 싶어가 아니라 여자가 찾을때 마다 일한다며(돈번다며) 함께 해주지 못한 부분임을 여자의 뒷 대사로 알수 있다. 남자의 상황이 매우 안타깝지만 여자 입장에서 참고 기다림을 강요하는것도 맞지 않는것 같다. 다만 남자가 훗날 성공해서 더 멋진 여잘 만나길 응원할 뿐이다.",34,20,열정호구 
54680,착한 사람이 바보가 되는 이 사회가 너무 싫다,25,20,열정호구 
55290,"덜욕먹고 자시고가 어딨냐 니들이 댓글수 조작해봤냐?
하여튼 메갈새끼들 좌표찍고 선날은 존나하네ㅋㅋㅋㅋㅋ
그리고 뭐 원인제공자인 편집장은 욕 덜먹어? 그럼 저 여자 행동이 정당화 되냐? 왜 좁쌀이도 사회가 낳은 괴물인데 언론회사 인맥은 욕안하고 왜 좁쌀이만 욕하냐?
하여튼 논점흐리기 존나해요ㅋㅋㅋㅋㅋㅋ",25,20,열정호구 
55546,제일 극악은 저 여직원이 사회생활을 위해 참고 있는데 왜 괜히 나서서 고맙다는 소릴 바라냐는 베뎃임... 저기다 추천 누른 여자들은 창피한 줄 아시길...,25,20,열정호구 
74265,저런부모 진짜잇슴 없을거같지? 나예전 중딩때 담임이엇던 선생님이잇엇는데 그선생님 집안에서.졸라 불평등하게.대우받고자람. 선생님 남동생이 밤늦게들어와서.혼자 라면끓여먹고잇엇는데 갑자기 담임선생님 불러서 졸라혼내더래 왜그랫냐면 남동생.혼자 라면 끓여먹을동안 라면 직접안끓여주고 뭐햇냐면서 ㄷㄷㄷ,14,20,열정호구 
74465,"저희이랑 똑같음 ㅋㅋㅋ 다컷는데 싸데기를 왜때리냐는 사람들..저희부모님은 나 25살때까지 맞아봤음 ㅋㅋ딱 내가 저상황..퇴사이야기했다가 맞음..나같은경우엔 그날 이후로 부모님께 나에대한 이야기한적없음. 회사도 부모님께 이야기도 안하고 퇴사하고 다른회사 입사하고. 남자친구도 상견례랑 다 정해진다음에 인사시킴 ㅋㅋㅋ 
그러고선 우리신랑에게 애가 저런애 아닌데...왜저렇게 변했는지 모르겠다 하면서 주변사람들에겐 난 겁나 나쁜년임..
그래도 지금 이렇게 사는게 편함.. 너무 간섭하고 너무 사랑한다는 가정하에 저렇게 구는건 진짜 마음만 멀어지지..지금도 물론 부모님과는 꼭 필요한 이야기 아니면 안합니다~ ㅋㅋ주인공은 어떠헤 대처할지 궁금하네요~~",14,20,열정호구 
85277,"공감 되네요. 초등학교때쯤 제가 왕따를 당하고잇엇습니다.
아빠께선 술드시기전에는 아무말 없으시더니 아빠가 술을 드시고 저한테 막말을 해서 들이댓더니 아빠가 저한테 그래서 니가 왕따가된거야!! 라고 말씀하셧죠.
정말 그냥 문 열려잇는 베란다로 뛰어가 뛰쳐내려가고싶엇습니다...
지금은 친구들과 잘 지내지만 아빠와는 아직도 거리가 멉니다.
전 그냥 아빠가 아니라고 생각해요",9,20,열정호구 
85498,이번화 제이야긴줄알고.. 보다가 너무 똑같아서 울었습니다ㅠ..저희부모님은 이번화에서 나타난 모습보다 훨씬심하시고 제 자존감도 이미 바닥을치고있구요....지금은 스물넷이지만 열아홉땐 아버지가 선풍기 던져서 오른쪽어깨를 3주간못썼던기억도나네요.. 욕도 상상을초월할정도로듣고 윽박지르는건 당연하고요 거기에 제가 한두마디 울면서 말하면 시끄럽다고 조용히못하냐고 더 뭐라하셔서 저는 그냥 그자리에서 듣기만해야하고 그랬었어요. 저도 제가 여지껏 살아숨쉬고있는게 참 신기하다고 생각이들때가 많습니다.부모님께서 저를 그리 한심하고 쪽팔린자식이라 여기시면 그냥 따로살게라도 해줬으면했는데 그건 그것대로 못하게하면서 붙잡아두고 욕하고 .. 너무힘드네요,9,20,열정호구 
85837,네 저게 현실입니다 심지어 전 대학교 졸업하자마자 저소리들었어요. 성희롱에 막말쩌는 중소기업 취직했다가 사람이아니라 짐승사는거같아수 출퇴근 2시간회사 때려쳤더니 아버지한테 뺨맞고 니가 철이 덜들어서 회사가 만만하다 막말들었습니다. 우리아버지는 회사 신입때 엉덩이만져지고 커피타와라 강제로 어깨동무하면서 허리만지고 탕비실에 나 없을때 자기가 상품처럼 점수마겨지는 회사 다녀보셨을까? 아니면 아버지도 그들중 한사람이여서 그런말이 쉽게 나오는걸까? 답은 독립이다 생각해서 고등학교때 대학때 알바해서 모은돈으로 싼 원룸구해서 그냥저냥 살고있네요...,9,20,열정호구 
87860,회사란곳은 엄청난 곳이에요 상사가 누구 뒷담화한다고 같이 까지말아요 정작 본인이 한얘기 쏙빼고 내가 한 얘기맛 거대 과장해서 말하는게 상사에요.. 진짜 무섭더이다..,8,20,열정호구 
102326,어떻게보면 예스맨들이 대한민국 직장문화를 이렇게 만들어놓은 부분도 있습니다. 부당한 대우에는 확실히 항의하고 잘못된 부분은 확실히 따지고 넘어가야죠. 회사랑은 어차피 계약서로 맺어진 관계인데 계약내용을 벗어나는 업무는 거부해야합니다. 라고 말은 했지만 하루아침에 바뀌진 않겠죠....  대한민국에 인구가 좀 줄어들고 일할사람 구하기 힘들어지면 그때는 인간을 일하는 기계가 아닌 인간으로 생각해주는 날이 올거라는 희망을 가져봅니다. 그날이 조금이나마 빨리 오려면 가급적 결혼하지말고 애를 안낳아서 빨리 인구를 줄여야겠죠.,2,20,열정호구 
103319,"어머님. 아무리 세대 차이가 난다지만, 귀한 따님을 회사로 내몰기만 하면 어떻합니까? 만화가는 원래 재택근무할 수 있는 직업이고, 대다수 웹툰작가들은 다 집에서 일하는데도 어떤 작가는 5백만원까지 법니다.. 만화가가 애초에 운이 따라줘야 그렇게 많은 돈과 명성을 얻는 직업이라는데, 큰 회사에 들어가면 그 운이 쉽게 따라줄 것 같습니까? 회사 들어가서 돈 많이 벌고 사는 게 과연 따님 인생에 도움을 주는 것일까요? 따님이 정말 원하는 것이 무엇인지 물어보셔서, 그 답을 들어보세요. 남이 대기업 들어간다고 당신 따님이 큰 일을 당하기라도 합니까? 자기보다 능력이 더 높은 상대를 따라잡는 것은 쉬운 일이 아닙니다. 애초에 따라 잡을 필요도 없지 않겠습니까?",1,20,열정호구 
3853,베댓 유사과학극혐;; 난자는 태아였을때부터 다 만들어진상태에서 2차성징이후에 받은 호르몬에 의해 나오기때문에 나이들수록 기형아 확률이 높은 겁니다. . 정자는 하루에도 수억개씩 새로 만들고죽기 때문에 나이든다고 오래된 게 아니에요ㅋㅋ 심정은 이해하지만 반과학적으로 나오는건 좀ㅋㅋ베댓볼수있게좀 올려주세여,52,19,열정호구 
20159,"지금까지 여성들은 스타벅스 커피 하나를 먹어도 김치녀냐고 광범위하게 조롱당하고 농담거리로 써먹었으면서 한남은 왜 안돼죠??
김치녀 아니면 그냥 넘어가라고하셨으니 저런 쓰레기 같은 말하신 한남이 아니면 넘어가세요.
그리고 한남이란 용어는 이때까지 맘충,김치녀등 여혐단어들을 미러링한 것 들입니다.
여혐단어를 말할 땐 가만히 있다가 한남이라는 단어로 '심하다,똑같다' 와 같은 생각하는 당신의 생각이 더 저급해보입니다.",46,19,열정호구 
21033,솔직히 남자 나이 30 넘으면 남자로서의 생명은 끝이라고 봐야죠~ 안그런가요?,46,19,열정호구 
22672,"아니 진짜 심각하다고 생각하지 않으셔요들 ...?
여자 캐릭터가 남성을 비하하는 내용이 나오면 그 웹툰 댓글은 다 김치녀로 가득찼었음 ㅋㅋㅋㅋㅋ 에피소드칵테일이 대표작이고.
그런데 남자 캐릭터가 여성을 비하하는 내용이 나오면 오히려 작가가 욕먹음 ㅋㅋㅋㅋㅋㅋㅋㅋㅋ 여성우월주의라고 ㅋㅋㅋㅋㅋㅋㅋㅋㅋ 진짜 그정도면 피해망상있는거 아니냐 ㅋㅋㅋㅋㅋㅋ",46,19,열정호구 
38405,노래방에 오면 안되는 유형 1. 연속으로 지꺼 쭈욱 예약해놓는애 2. 다른사람노래 취소하는애 3. 지혼자 노래 안부르는애 4. 자긴 엄청불러놓고 내가 부르면 너 많이불렀다고 마이크 뺏어가는애 5. 자긴 같이 불러놓고 내가 같이 부르면 짜증내는애 6. 다른사람 노래부를때 평가하는애 7.좁쌀 8. 조옵쌀 9. 조오오오옵쌀 10. 쫍쌀,39,19,열정호구 
44332,"커플링이 갖고싶으면 본인이 먼저사서 끼워줄수도있고, 영화가 보고싶으면 남친쉬는날 시간내서 본인이 예매해서 같이 보러갈수도있고, 레스토랑가고싶으면 본인이 돈벌어서 같이먹을수도있는건데 왜 꼭 그걸 남자만 해야하는겁니까? 연애는 같이하는건데?",34,19,열정호구 
44512,돈없으면 연애도 하지말라고? 응 맞아 남자든 여자든 돈없는 연애는 구차해질뿐임 뭐 뷔페 한번 가도 손떨리고 허구언날 방구석 집데이튼데 그러느니 안하는게 맞다 서로 정신건강에,34,19,열정호구 
44520,남들 하는 거 다 해보고 싶은건 이해 하는데 그걸 왜 남자가 전적으로 부담해야 되는지가 노이해. ,34,19,열정호구 
45166,경력 1년 채우면 회사 퇴사한다구요? 못할겁니다. 왜냐하면 1년을 근무하면 법적으로 회사는 퇴사시 퇴직금을 지급할 의무가 생기기 때문이죠. 그래서 요즘 회사들은 비정규직 사원들을 1년을 채우기 전에 짤라버립니다. 네 엿같은 현실입니다. 재이니 대통령님. 비정규직 고용현실을 바꾸겠다고 하셨으니 지난 지지난 정권을 거치면서 가진자들의 편에 서서 짝짜꿍 맞게 짜여진 이따위 현실을 고쳐주세요.,33,19,열정호구 
45459,"작가님꽃길만걸으시구요
💐🌸💮🏵🌹🌺🌻🌼⚘🌱🌸🌹🌺🌼💐🏵💐🏵🌹💐
좋은소리만들으시구
🕪🔇🕩🕩🔈🕨🔉🕨🔊🔉🕨🔈🕩🕪🕪🔇🕩🔈🕩🕪
건강하시구
💓💚💙💕💖💜💗❣💝❣💙💓💚💙💗💕💙❤💘💞
대박나시구
🎄🎉🎊🎀🎁🎖🎉🎊🎄🎃🎄🎀🎉🎃🎉🎊🎏🎋🎉🎃🎊
맛있는거만드시고
🍖🍗🌮🌭🍔🌭🍗🌮🍗🍕🍔🍔🌮🍗🌭🍔🌭🍗🌭🍗🌭작가님흥해라흥!
😄😆😉😅😍😊😅😙😗😙😆😉😅😄😊😅😙😘😚😆😅😉😆😚😘😚😘😚😚😘😚😆😚😘😚😆😚😆😘😚😘😚😘😚😗😚😆😚😘😚😘😚😆😚😘😚😘😚😘😚😘😚😘😘😚😘😚😗😙😘😚😘😚😗😉😘😇😍😍😉😘😚😘😍😉😘😉😘😉😘😊😍😉😍😘😚😍😊😍😊😘😘😊😘😊😍😊😍😊😘😊😘😊😘😊😘😚😘😘😚😘😚",33,19,열정호구 
55051,결론 괴롭힘당하고 있는 여자보면모른척해라,25,19,열정호구 
62557,초롱씨는 나이도 어리니까 그냥 할말 다 하고 회사 나가도 상관없다는 거고.. 주인공은 사정상 회사를 못 그만두니 눈치보면서 다니는거지. 이거 완전히 현실반영 만화인데. 주인공 답답하다고 뭐라 사람들은 회사생활 1도 안해본듯,19,19,열정호구 
75005,"저거 오피스텔 들어가면 맘놓고 조옵쌀이 부려먹는다. 걍 노예되는거임. 좀만 뭐해도 ""ㅇㅇ씬 집이 가깝잖아?"" 이러면서 잔업시키고 야근의 노예로 만들게 뻔함. 자고로 알바는 집과 가까운 곳에, 직장은 집과 먼 곳에 두는 게 정답. ",14,19,열정호구 
85227,"아빠가 내가노래하고싶다고할때 한말,
니가? 노래를한다고?ㅋ 노래ㅈ도못하면서 뭔노래를해ㅋ 그렇게비꼰것도 한두번이아니고 3년째. 쌍수날짜를잡았는데 하는말, 쌍수하면 못하는노래가 아름다워보일꺼같나?  진짜솔직히 내가이런말까지듣고 돼지라고 동생이랑 비교당하면서까지 아빠에게 고분고분말을 잘들어야하나싶다 상처받는거알면서 아빠앞에서 운적도많은데 고치지않고 당당한아빠가 너무싫다",9,19,열정호구 
85566,진짜 진심ㅋㅋㅋㅋ저런 태도를 부모라는 이유로 이해를 해야하나? 한심한 년? ㅋㅋㅋ 그럼 저 사람은 한심한 년의 부모네? ㅋㅋㅋㅋㅋ자식이 보고배우는게 다 자기 부모인데 자기자식 소중한거 생각못하네 그 취업 못하는게 뭐 어떻다고ㅋㅋ열아홉부터 취업해서 400씩 벌어와도 500버는 애랑 비교한다ㅋㅋㅋㅋ부모라는 사람들이 보고배운게없으니 자기자식한테 그렇게나오는거지 아이고 진짜 천벌받아도 모자라다 남도 아닌 자식한테 그런소리를 하고 참 마음도 편하겠네,9,19,열정호구 
463,몸무게 물어보는거 성희롱 아님?? 남자가 봐도 당황스럽네,56,18,열정호구 
1265,ㅋㅋㅋ 방사에서 무협만화 연출 뽑던 거 생각나네 반권(20만원)분량 수정만 거의 한달내내 시키고 그거도 계속 안되겠다 다시해와라 그러고 인신공격쩔고 네가 한 구도 며 연출이며 엉망이고 최악이다 처음부터 다시해와라 ㅋㅋㅋ 계약서도 안쓰고 재택근무라면서 출근은 해야되고 ㅋㅋㅋㅋ 집에서 일하게 되니까 쓰고있는 프로그램은 불법유포된거고 ㅋㅋㅋㅋ 그러면서 젊은인력이 왜 우리랑 같이 일안할까 그러고있고 ㅋㅋㅋ방사에 계속 구인글 올리는거 보이던데 어느 순간 덧글에 다른사람이 여기 잘 알아보고 들어가세요 라는 덧글 받은후로는 글 삭 하고 안보이데?? 본인이 그리지도 않고 연출도 안하고 완성본만 검토하고 다시 해와 말하는게 다 면서 버는 돈은 다 쓸어담고 ㅋㅋ인터넷에 *검향 작가님~팬이에요~ 하는게 다 본인 팬이라도 거느리듯 말하고 ㅋㅋ 보고있으면 고소미 날려보세요 묵*향 화실ㅋㅋ 엿같아서 그만둔 거쳐간 사람이 수두룩하니 누군지도 모를듯 ㅋㅋㅋ 사실만 나열했는데도 고소미 가능하는지도 모르겠지만 ㅋㅋ,55,18,열정호구 
1378,"만약 여기서 여자주인공이 열정을 가지고 본인이 다니고있는 회사의 불이익에 대해 작성한다면, 여주는 직장에서 짤릴것이고 같은 업계에서 내부고발자의 평판을 가지게되겠죠. 정작 여주가 폭로한 사실들은 길게잡아야 몇년안에 사라지고 여주는 결국 호구가된채로 끝날겁니다. 여기서 여주가 내부고발을 했다면 그게 진짜 '열정호구'인거죠 뭐.",55,18,열정호구 
3622,정자든 난자든 나이들수록 안좋은건 둘다 마찬가지구요. 특히 여자에게 일찍 출산을 권장하는 이유는 노산으로 인한 후유증같은거 때문이에요.하지만 노산은 지금 현대에 와선 의학의 발전으로 사실상 의미가 없어졌죠,52,18,열정호구 
20059,더 충격적인건 저렇게 생각하는 사람들이 적지 않다는거 ㅋㅋㅋㅋㅋㅋㅋㅋㅋㅋㅋㅋㅋ와인은 개뿔 동양은 막걸리지. 나이들수록 구수해지는 거지 중후는 개뿔이 ㅋㅋ,46,18,열정호구 
21432,"대부분의 동양남자 특히 한국남자는 30넘으면 막걸리입니다.묵어서 쉰내나서 더이상 못 먹는 막걸리.
내세울거라곤 능력과 직업 돈 뿐인데 이것조차 없는 사람들은 이런 말에 빼애애액 거리면서 눈 까뒤집습니다.
잘생기고 능력있고 직업좋고 돈 많은 남자들은 그냥 웃어넘깁니다.
자신들이 막걸리가 아니라는 것을 알기 때문이죠.
제 일본인 친구들은 한국남자만 보면 속이 역겹다고 합니다.
그러니 여러분 여기서 빼애액 거릴 시간에 능력과 좋은 직업,돈을 위해 노력하여 조신하고 여성에게 사랑받는 남자가됩시다^^",46,18,열정호구 
23054,남자들 크리스마 케익이나 와인 얘기 나오는 거 보고 여자들이 그냥 참고 있길 원하나 봄. 똑같이 돌려주면 '그건 아니지 않냐' 이럼. 선빵 찐 건 괜찮고 복수하면 메갈 됨 ㅇㅇ,46,18,열정호구 
44292,커플링받고싶고 여행가고싶고 분위기있는레스토랑도 가고싶지만 내돈으론 못하겠다는 말투로들리는건 나뿐이냐,34,18,열정호구 
44298,여자가 나도 이것받고싶고 저것받고싶다고 노골적으로 얘기하는데 김치가 아니라고? 남친이 지갑인줄 아니까 저딴소리가 나오지.,34,18,열정호구 
44367,저여자 두둔한는 년들 특징 : 지들도 저렇게 연애함...그래서 욕먹는게 싫어서 아득바득 두둔함. 막상 지 아들래미가 지같은 년 만난다고 하면 그년 머리끄댕이 잡고 죽이네살리네하는 년들이 참 그지같은 댓글단다 그죠?,34,18,열정호구 
54718,"성범죄 당하는 여자 구해줬는데 여자가 나 몰라라 하고 도망가는 바람에 인생에 빨간줄 생긴 남자 얘기 들어보셨습니까?
성범죄는 범죄자가 일으켰지만 피해자가 제대로 하지 않으면 도와준 사람에게 큰 피해가 생깁니다 왜 여자를 욕하긴요 기껏 도와준 사람이 곤걍에 쳐했는데 나몰라라하는게 잘한 짓입니까?",25,18,열정호구 
74150,왜 세희에 대해서는 아무 언급이 없지...세희 너무 불쌍하다 사랑이 필요할 어린시절을 동생때문에...,14,18,열정호구 
75828,설정이 너무 과해서 현실감이 떨어져요,14,18,열정호구 
85257,"돈없는집은 아이를 낳으면 안돼.. 다른집은 일이 힘들거나 공부가 힘들다고 하면 다른길을 찾게 해주거나, 도움이 되는말을 해주기 바쁜데, 돈없는집은 타박만함 본인이 여유가 없으니, 자식한테까지도 각박함",9,18,열정호구 
85266,"저 아버지는  딸이 잘못된 선택을 하게 만든 장본인이다. 아버지가 저런 말을 하려면 최소한 자기가 뒤에서 모든 지인을 통해서라도 딸의 일자리라도 알아봐 줬어야했다. 
 내 생각엔, 저 아버지가 진짜 자기 회사에서는 좁쌀 편집장보다 더 심한 꼰대에 진상 상사일거 같다.",9,18,열정호구 
85274,"무서울 정도로 아버지에게 상처를 받은 사람들이 많구나... 나도 아빠한테 대드는 내 모습을 상상할 수 없을 정도로 억압받고 살았는데 굳이 물리적 폭력이 아니더라도 이런 폭언과 정신적 학대를 당하고 산 사람들이 나말고도 많다는게 위로가 되기도하고 너무 슬프기도 하다... 난 정말 내가 못난 딸이라서 맨날 혼나기만 하는줄 알았고 우리 아빠만 그런줄 알았다. 화가 나면 폭력적이지만 평소엔 좋은 사람이라고 믿으려고 노력했다. 대학에 와서야 아빠한테 혼날때마다 내가 잘못해서, 내가 멍청해서, 내가 더 잘해야했다고 자책하는걸 관뒀는데 트라우마가 너무 크게 남아서 아빠를 볼때마다 속이 꽉 막히는 기분이다. 방에 들어와 문을 잠가도 감시당하는거 같다. 빨리 이 집을 나가고 싶은데 난 돈도 없고 알바할 시간도 빠듯하다. 그리고 내가 자취하고 싶다고 말했을 때 엄마아빠가 나한테 무슨 말을 할지가 너무 무섭다. 평소엔 정말 좋은 사람이라서 아빠를 속편하게 미워할 수도 없다. 그게 너무 화가 난다.",9,18,열정호구 
92896,"저렇게 개같이 부려먹어서 신입이 버티다 버티다 못해 퇴사하면
""요즘 애들은 끈기가 없어. 우리 때는 말이야. 자네는 참을성이 없어. 열정이 부족해. 노오오오오력을 안해.""
라는 소리를 듣는다죠?^^아아 청년이 살기 좋은 나라 헬조선",5,18,열정호구 
101757,"네 지나가던 그림쟁인데요
그림체 바꾸는데 저는 1년 정도 걸렸습니다.
근데 1달동안 바꾸는거면 은지씨는 대단한거죠.

하지만 우리는 은지씨가 아니라 저 암좁쌀이 바꾸게 했다는걸 주의해야해요.

하하 항암제가 어딧더라(뒤적뒤적",2,18,열정호구 
106231,어쩐지 앞으로 고구마 삼백개쯤 먹을 내용일것 같다..,1,18,열정호구 
106655,꿀잼 예상합니다,1,18,열정호구 
541,일자리가 없다는건 핑계지 일자리가 많은데 다 저 모양이니까 청녕들 취업률이 낮지 ㅗ 잔업졸라하면 뭐하냐 계약서엔 추가근무도 연봉에 포함되어 있다 이라면 할말이없지 그걸 노동부에 신고하면 대힌민국 중소기업들은 다 걸린다 정부는 이런걸 잡아야지 맨날 일자리만 늘린다고 삽질한다,56,17,열정호구 
3565,"뭘 또 애 낳는 나이로 이래라 저래라야 남이 20대에 낳든 30대에 낳든 40대에 낳든 뭔 상관ㅋㅋㅋ 그리고 애 안낳을수도 있지
진짜 우리나라 오지랖 하난 끝내준다..",52,17,열정호구 
3612,"노산은 산모에게나 태아에게나 모두 극도로 위험한데 34살이 출산이 최적기라니 무슨 근본도 없는 댓글을;; 거기다 말도 안되는 추천수까지... ㅋㅋㅋㅋ 진짜 무식의 끝을 달리는구나...
아는 것 없는 자가 신념을 가지면 그것만큼 위험한 게 없습니다 여러분",52,17,열정호구 
20012,허허.. 남자는 와인같아서 나이먹음 숙성되고 깊어진다는 말 저도 참 많이 들었어요...와인은 서양술이고 한국은 막걸리지요^^ 막걸리는 오래 되면 쉬어요 ^*^,46,17,열정호구 
27972,저런 부모와 가정이 실제로 존재하는데도 불구하고 1도 안겪어본 인간들이 그래도 부모잖아.. 널 낳아주셨잖니 키워주셨잖니.. 효도해야지 오지랖 떠는 거 보면 가증스럽고 역겹다. 혹시라도 가정폭력 및 불화를 겪은 사람한테 저딴 오지랖 부린 사람있으면 반성하시길. 그 사람들에게는 저딴 되도않는 충고가 필요한 게 아니라 위로가 필요한 겁니다.,41,17,열정호구 
43932,여자를 욕하는 핵심을 모르네? 여자가 하고싶다고 한거 한 거 전부 돈 있어야 하는거 잖아? 뭔가 받고 싶고 어딘가 가고 싶고. 안그래? 근데 그걸 왜 남자보고 요구해? 지가 돈벌어서 남친이랑 할 생각 안하고? 애초에 여자가 미래없고 흙내 난다고 한거부터가 돈없어서 난 너같은 그지새끼랑은 못만나 이런거잖아. 남자는 하나라도 더 해주려고 일하는데. 지가 돈 벌어서 남친한테 해주고 같이 하고 할 생각은 못하고 너가 돈 못벌어서 나는 이런거 못받고 못하니까 너랑 헤어질래 이러잖아. 전후사정을 모르는데 어떻게 아냐고? 애초에 흙내나서 못만난다. 미래가 안보인다. 좋은 거 못사줘서 그래? 라고 한거 보면 딱 전후사정 나오지 않냐? 여태 한국 남자들보고 정말 사랑한다면 여자가 돈 못버니까 남자가 집구해오고 뭐 사줘야한다 했잖아? 역으로 여자도 그래야지? 근데 저 여자는 안그렇고 미래가 어떻고 흙내가 어떻고 이러니까 김치란거다. 남자가 넌 미래도 없고 흙내난다 했으면 엄청 까댔을 거면서 ㄹㅇ;;;,34,17,열정호구 
44079,베댓 가관이다 ㅋㅋ 왜 항상 남자가 돈을 써야하냐..,34,17,열정호구 
44103,"베댓 웃긴게ㅋㅋ 여자가 돈 많이벌면되지 꼭 남자가 부담해야된다는 듯이 말하네
역시 메갈 쿵쾅쿵쾅 꾸에엙",34,17,열정호구 
44374,"아니 세상에 남자 욕하시는 분들은 인간 기생충녀들이신가요? 남자 없으면 커플링도 못해 여행도 못가 비싼 레스토랑도 못가 아무것도 못해
여자가 외롭고 힘들고 가난한 이유는 모두 투잡뛰고 바쁜 남자친구탓?
세상에... 여신도 그런 마인드면 2년안에 질릴것같은데... 님들 빻은 외모와 빻은 마인드로는 어림도 없을텐데.. 힘내세요ㅠㅠ",34,17,열정호구 
45421,암걸린다는 말 자제해주세요..암으로투병하시는분들도계시니까요!,33,17,열정호구 
55553,"솔직히 여사원까는 글에 비공다는 애들도 왜 여사원을 까냐고 지적하는 댓글도 이해가 안된다
잘못 했으니까 까이는거지; A가 B를 폭행했다고 기사가 떠서 A 욕하는데 사람도 죽인 놈도 있는데 왜 욕하냐는거랑 뭐가 다르냐? X신임? 어디 모자람?
편집장 잘못이 더 크면 댓글로는 편집장 욕만 해야 된다고 그런 룰이 있음? 저 여사원도 잘못이 있고 그게 임팩트가 좀 크니까 까이는거지 뭐 여자는 잘못해도 까이면 안되는 존재냐?",25,17,열정호구 
56475,"글쎄요 실제로 인턴애들입사하면 여자들같은경우 
어떻게든 정규직전환되고싶어하는 심리를 이용해 상사들이 둘이 밥먹으러가고 스킨쉽하고 그럽니다 
경험담임 (롯데)",24,17,열정호구 
61389,"분야를 막론하고 불의를 참지 못한 사람들의 결과는 비참하다는 부분,이질감 느껴지네요. 비참하다는 결과가 결국엔 관점에 따라서 다르게 보이는 부분 아니에요?제3자가 봤을땐 그저 회사에서 잘리고, 들어오던 수입이 끊기고 하니까 비참하게 보일 수도 있겠지만 보통 불의를 못참는 사람들은 그런 세속적인 결과보다 '내가 나를 소중히 여기고 있다.' 라는 점을 중시해요.그런 상황에서 비굴함에 굴하지 않는 용기를 낸 자신이 있었다면 현실적인 어려움이 있더라도 만족감을 느끼기 마련입니다.저도 여지껏 살아오면서 그런 철학으로 살아온 사람이기에 이번 화에서 그런 사람들의 결과를 '비참'으로 간단히 치부시켜버린 것에 대해 약간 거북감이드네요. 그 사람들은 멍청한게 아니라 사회생활의 중요함도 당연히 알고있다만 언제나 1순위는 나라는 점을 망각하지 않을 뿐이에요.초롱이 같은 철학을 가지신 분들에 용기와 당당함에 박수를 주고 싶습니다.",20,17,열정호구 
62270,여러분 여기서 계속 퇴사하라고 하시는데 퇴사하면 이 웹툰 끝나요,20,17,열정호구 
68758,"전 예술쪽 정규직인데 사장님이 저를 주 3일로 등록했고, 회사 내 스튜디오 업무는 따로 하루에 많게는 14시간 일 시키면서, ""너 같은 사람 회사에선 굳이 필요로 하지 않다, 너 없어도 된다"" 듣는게 저의 매일입니다. 얼마전 사수가 저의 종교를 거론하며 회사에서 티내지 말라고, 내가 너 걱정해서하는 말인데 이러면 회사에서 불이익 받을 수도 있어.(티 낸적 단 한 번도 없습니다. 연말정산하며 기부금 영수증 보고 혼자서 잔뜩 화가남. 사수는 무교) 일 때문에 너무 스트레스 받아서 호르몬 불균형 와서 3개월 만에 월경 다시 시작했는데 생리휴가냈다고 동네방네 ""이래서 여자랑 일하면 안된다""는 둥 내 욕이나 하고 다니고.. 노동청에 신고하고 싶어도 이 바닥이 좁아서 신고하는 순간 전 한국에서 일 못합니다. 일 힘든것도 괜찮은데, 인간적인 대우는 해줬으면 좋겠네요. 혼자 잘 해봐라 사수야. 난 나간다.",17,17,열정호구 
74157,"여러분 지금 저일들은 "" 뭐야..진짜 발암이다.."" 할때가 아닙니다.. 저건 지금 현실이에요 .. 진짜 힘들고 때려치고 싶은데 든 짐은 너무 무겁지.. 죽고싶지.. 지금 가족들이 그렇지 않다면 행복한줄 아셔야합니다.. 물론 저도 행복하답니다😊헤헤 엄마아빠 사랑합니다♥",14,17,열정호구 
74598,오버 설정이라는 애들은 집에서 부모님 사랑 많이 받으면서 오냐오냐 자랐나봄ㅋㅋ 그쪽들이 집안에서 고생안하고 컸다해서 저런 집이 없는 것 아니고 오히려 과한 설정도 아님. 몇 대 독자 거리면서 남자 싸고돌고 여자형제는 찬밥 취급하는 집도 아주아주 많음.,14,17,열정호구 
79967,엄마가 발암이네......조오옵쌀이랑 부부인듯,13,17,열정호구 
85211,"저기 나오는 아버지 말?과장아녀요 현실이예요.
무조건 지 맘에 안들면 밥만 쳐먹는 식충이다 하는게머냐 나가라 온갖욕은 다 하데는게 이젠 당연하다고 여겨질 정도예요",9,17,열정호구 
85252,"내 부모랑 똑같네. 진심 싫다. 취준생일 때도 그 이전에 학생일 때도 유치원생일 때도 저랬지 평생. 만화에 나온 부모 모습에 +저거보다 더한 막말을 듣고 살아 와서 이거 보니까 기분이 이상하다. 지1랄도 해보고 좋은 말로 부탁도 해보고 나 좀 평범하게 살게 해달라 빌어도 평생 바뀌지 않는다. 날 걱정해서 그런 걸 거라고 엄마는 그러는데 베댓 말대로 그냥 내가 본인이 정해둔 기준치와 다르면 그냥 막말 뱉고 욕한다. 내 밥 먹는 모습, 씻는 순서 같은 자잘한 생활 패턴까지 자기가 하는 거랑 다르게 한다고 존나 이상한x 또라이x 같은 소리는 기본이고 넌 꿈을 이룰 수 없고, 너따위가 할 수 있는 건 없으며 차앙-녀나 되라고 하더라. 사회생활 할 때 어느 누구도 날 이 정도로 존중하지 않은 사람이 없는데 가족이란 것들이 더 하다. 그렇다고 내가 쓰레기처럼 산 것도 아니고 반듯하게 살았다. 아무 잘못 없고 가만히 있어도 자기 기분 나쁘면 갑자기 와서 막말하고 날 지 감정 쓰레기통으로 여기더라",9,17,열정호구 
85764,"아무리 단기알바하면서 준비하는기간이 길다지만, 요즘같은세상에 재택근무나 프리랜서들도 얼마나 자기앞가림 알아서 잘들하시는데 저런 고리타분한 사상이 마치 세상의전부인것처럼말하는 부모가 있다니...자기자식한테 식충이가뭐야 식충이가?",9,17,열정호구 
86753,솔직히 아빠가 나쁘기도 했는데 그걸 이해하라는 엄마도 좀 이상한것같음 .. 주인공이 사표내면 또 저소리 듣고 부모님 실망하실까봐 ... 안쓰럽다 .. 내 미래일것같아 ...,9,17,열정호구 
89444,여기 댓글들은 다 학생인거야 철이 없는거야 물론 공부를 강요하고 엄마의 자랑이란 말은 부담스럽지만 자식이 백수면 부모님껜 더 부담이다... 알바하면서 빡센 취준 동시에 하는 초인 아니라면 일단 회사 참고 다니는게 맞지 아무리 뭐같아도 ㅋㅋㅋ 몇달만이어도 다닌게 아까워서 경력 쳐주는 1년까지만이라도 다니는게 현명한거 같다... 미정씨는 경력자니가 금방 일 구해도 여기 주인공은 그게 아니잖아,7,17,열정호구 
102388,"저도 근무지 이동으로 회사 나오는 사람인데, 저 은지씨 처럼 밥도 거르고 고생했지만 정작 저 자신에게 남는 건 없더라구요.
사회초년생님들 이 회사가 자신의 처음이자 마지막인 것 처럼 일하지 마시고 항상 받은 만큼만 일 한다는 생각으로 근무하시고 부당한건 부당하다고 말하고 다니세요.
아우리 열심히 일하고 헌신 해도 아무도 안 알아 줍니다.",2,17,열정호구 
105644,아니 ㅡㅡ 베도때 본거 뭐어쩌라고 ㅋㅋㅋㅋ 부심이라고 부리는건가,1,17,열정호구 
492,젊은이들이 눈이 높고 편한것만 찾으려고 해서 중소기업은 인력난이라고 하지요? 그 반대입니다. 중소기업은 저렇게 공짜로 사람 착취해 먹을 생각밖에 안하는 곳이 너무 많아요...뭐 대기업도 도찐개찐이긴 하지만...,56,16,열정호구 
980,소연이 이제 제발 행복해졌으면ㅜ,56,16,열정호구 
3633,"착각쩌시는데, 기억하세요. 우리나라 남자들은 와인이 아니라 막걸리입니다. 우리나라 고유의 막걸리, 가부장적인 사고에 틀어박혀 사는 옛시대 사상의 남자들과 너무 어울리지 않나요? 왜 굳이 서양의 와인을 비유하시나요? 그건 서양의 것이에요.",52,16,열정호구 
3659,"정자가 아무리 매일 새로 생성된다고 하더라도 그 껍데기만 새 것일 뿐, 그 핵심인 DNA는 나이의 영향을 고스란히 받습니다.
나이가 많은 남성일수록 정자의 나이가 많고, 그만큼 여러 차례의 세포분열을 한 상태이므로, 여성에 비해 20배나 큰 오류의 확률을 갖는다"" 
- University College London의 유전학과 교수 스티브 존스의 저서 <진화하는 진화론> 
그외에 다른나라 연구결과는 잘 찾아보면 많음.
밑에말대로 난자는 애초에 갖고태어마 세포분열을 24회, 정자는 남자나이 많아지고 몸안조아지고 그러면 그영향받은세포가 나옴. 또한 세포분열 400회 그리고 그분열로중 유전자복제시 돌연변이일으킬 가능성 더높음.
http://media.daum.net/society/woman/view.html?cateid=1023&newsid=20080602101909661&p=newsis",52,16,열정호구 
3684,배댓 도우너가 한 소리는 헛소리입니다. 기분나쁘게 들리거나 여혐이라는 소릴 들을지 모르지만 여성은 나이가 들 수록 다운증후군아이를 낳을 확률이 높아집니다. 반대로 남자의 정자는 남성의 나이와 상관이 없고요. 이게 과학이고 사실이예요.,52,16,열정호구 
4048,34살에 낳는게 제일 좋다고?? 35살 넘어서 임신하면 노산이고 아이가 건강하지 않을 확률이 기하급수적으로 높아지는데 왜 저런 듣기 좋은 소리만 하는지...,52,16,열정호구 
20145,제발 담배피면서 커피 같이 처먹지 좀 마라ㅠ 진짜 아가리에서 똥내오짐ㅠ그러니 젊은 나이에도 아재냄새가 그렇게 풍풍쳐나지 관리좀하자ㅠ남자들,46,16,열정호구 
21191,참나 여자는 나이들 수록 필요없고 남자는 나이들 수록 중후해진댘ㅋㅋㅋ참나 개가 아무리 미쳐도 개와 비교하면 개가 아깝넼ㅋㅋㅋ말도 안 되는 소리 지껄이지 마랔ㅋㅋ 남자나 여자나 나이들어도 똑같은 사람이다 좁쌀 새끼얔ㅋㅋ,46,16,열정호구 
23207,남성분들ㄹㅇ코디미언이네ㅋㅋㅋㅋㅋㅋㅋㅋㅋㅋㅋㅋㅋㅋㅋㅋㅋㅋㅋㅋㅋㅋㅋㅋㅋㅋㅋ한남이라고 하지말라면서 정작 지가 하는소리 들어보면 일반화해서 여자욕하고있음ㅋㅋㅋㅋ김취뇬들아 한남쓰지말랬지!!!!일반화가 잘못돼었다고 주장하고 싶으면 자기도 일반화해서 여자를 싸잡는 욕을 하지 않으면서 논박해야돼는거아니냐?ㅋㅋㅋㅋㅋㅋㅋㅋㅋㅋㅋㅋㅋㅋㅋㅋㅋㅋㅋㅋㅋㅋㅋㅋㅋㅋㅋㅋㅋㅋㅋㅋㅋㄹㅇ빡대가리ㅋㅋㅋㅋㅋㅋㅋㅋㅋㅋㅋㅋ,46,16,열정호구 
23407,"진짜 조옵쌀이 전형적인 한남이다..
자기주제파악부터 먼저 했으면;;",46,16,열정호구 
43958,"이런 개병ㅁ신들이... 그런 거 하고 싶으면 니 돈으로 하면 안되는 거냐? 남자가 이벤트해주고 커플링사주고 이딴 게 당연시되니까 저런 개병ㅁ신 같은 대화가 오고가고, 댓글 상태도 이 지ㅁ랄병나는 거 아니냐.

여혐이라고? 근데 니들 사고 방식은 남혐이잖아. 남자를 존나 개 병ㅁ신 호구로 아는.",34,16,열정호구 
44277,너네 여자들 말대로 더치페이같은건 안나왔지만 적어도 저 여자가 생산적인 무언가를 생망이랑 의논한거같지는 않아보이는데? ㅋㅋㅋㅋㅋㅋ 그냥 노가다뛰는 남친이 쪽팔려서 헤어졌다는게 훨씬 신빙성 있지,34,16,열정호구 
44286,남녀 바꿔서 그려놨으면 남자 개=쓰1레기 취급했을텐데^^ 참 말도많고 실드도 많으시고..^^,34,16,열정호구 
44295,"심각하네 저렇게 말하는 여자를 보고도 그어떠한 경각심이나 이상함을 느끼지 못하는게 현 대한민국 여자들의 수준이란 말인가?
받고싶다 가고싶다. 오로지 여성 자신의 욕망과 탐욕을 남친이 채워주지 못해서 헤어지자는데
여자욕을 하지말라니.. 소름이다... 이런나라가 어떻게 여성인권 운운하며 여성단체들이 있는거지? 오히려 남성인권 단체가 즐비해야 할것 같은데...ㄷㄷㄷㄷ",34,16,열정호구 
44329,"배댓 보고 소름돋아 글 쓰는데 그럼 돈없어서 빡세게 일하는 사람들은 사람 만날 자격조차 없다는 듯이 이야기하네?
여남이래..그냥 성별이라고 하면 될걸 저런것 조차 차별성 단어 쓰는건가..사람마다 각각 자기 사정이 있는거고 얼마나 이해하느냐 어떤 사람이냐 보고 만나는거지 무슨 돈하고 시간이야기 하고 앉았냐",34,16,열정호구 
44469,"저게 김치녀가 아니라고?ㅋㅋㅋㅋ 베댓 전부 메갈들인가ㅋㅋㅋㅋ 고급레스토랑,해외여행ㅋㅋㅋ 남들하니까 하고싶어하는게 김치녀 종특인데? ㅋㅋ 없으면 없는대로 수준에 맞게 살며 돈모아라 남들하는대로 살며 나라욕하며 사는인생들아 ㅋㅋㅋㅋ 뱁새황새따라가다 가랑이 찢어진다는 속담이 왜있는데ㅋㅋ 니네 부모세대가 젊을때 해외여행안가고싶어서안갔겠냐 니네들잘키우려고 한푼이라도아끼며 산거지",34,16,열정호구 
44543,"딴건 모르겠는데 돈없다고 헤어지는 여자는 꼴불견인게 맞음.
해보고 싶은거 있으면 지가 돈 벌어서 지가 부담하는거지,
남자가 부담하면 능력있는거고, 여자가 부담하는건 능력없는거냐고.
그런거 진짜 꼰대같은 여자 마인드임...
돈없는 남녀는 절때 사랑하면 안되는거 밖에 더 됨?
평등하고 이기심하고 남녀의 차이를 제대로 좀 구분했으면 좋겠음",34,16,열정호구 
44544,"시간도 없고 돈도 없으면 연애하지 않아야 한다는 것에 대해서 1. 우리나라는 나름 경제적으로 충분히 성장한 나라임에도 청년이 사랑할 시간도, 돈도 없다면 사회는 젊은이에게 지나친 노동만 강요하고 보상은 안해줌으로서 그들이 아름답게 살 권리를 박탈하는 거 아닌가? 2. 말을 그대로 해석하면 연애는 돈과 시간이 있어야만 해결이 된다 생각하는 그 사치스러운 멘탈이 문제는 아닐까? 이런 거 생각해보라고 작가가 큰그림 그렸는데 김치녀, 한남충 이러고 앉아있으니 우리나라 미래는 알만하다. 멍청한 사람들 ㅠㅠ",34,16,열정호구 
44601,여자입장 이해가 됨 명품백 사달라는 것도 아니고 그냥 평범한 커플들을 꿈꾸는 거 같은데 힘드니깐,34,16,열정호구 
54631,"네티즌들이 3일만에 관심 다 떨어진건 아무도 얘기 안하네 ㅋㅋ 그건 당연한거야? 저 여자와 다른 동료들이 옵쌀이 외면한건 편집장의 권력남용이 그 근본적인 문제고, 편집장이 그렇게 권력을 남용할 수 있는건 그걸 허용해주는 사회가 그 근본적인 문제임. 나무의 뿌리부터 잘못됐는데 대다수는 나뭇잎을 욕하고 소수는 나뭇가지를 욕하고.. 뿌리를 보는 사람은 거의 없고 ㅋㅋ",25,16,열정호구 
54643,그래도 성추행 당하던 여성분은 좁쌀에겐 다가가지는 못해도 고맙다고 한 마디는 해 줄 수 있잖아요,25,16,열정호구 
